"css-1undbtb-7937d88b--AVideoContainer href","css-16s6atg-7937d88b--Box src","video-count","css-635kow-7937d88b--DivDescriptionContentContainer","css-1wx21hr-7937d88b--StyledCommonLink href","css-l25nk3-7937d88b--StrongText","css-1wx21hr-7937d88b--StyledCommonLink href 2","css-l25nk3-7937d88b--StrongText 2","css-1wx21hr-7937d88b--StyledCommonLink href 3","css-l25nk3-7937d88b--StrongText 3","css-1wx21hr-7937d88b--StyledCommonLink href 4","css-l25nk3-7937d88b--StrongText 4","css-1wx21hr-7937d88b--StyledCommonLink href 5","css-l25nk3-7937d88b--StrongText 5","css-1wx21hr-7937d88b--StyledCommonLink href 6","css-l25nk3-7937d88b--StrongText 6","link-a11y-focus href","css-10s4roi-7937d88b--ImgAvatar src","css-1feiajn-7937d88b--PUniqueId","css-12tbsno-7937d88b--DivTimeTag"
"https://www.tiktok.com/@kghalter/video/7625672224153881887","https://p16-common-sign.tiktokcdn-us.com/tos-useast8-p-0068-tx2/oAjERJD7Ffy501T5PR2uABlEBjvQQVGfAp9FCE~tplv-photomode-zoomcover:720:720.jpeg?dr=9616&x-expires=1775743200&x-signature=Fjq%2FS4%2F%2BEgG8L3WtxjH1uagwPDc%3D&t=4d5b0474&ps=13740610&shp=81f88b70&shcp=43f4a2f9&idc=useast5&ftpl=1","457","Parke mockneck sizing review bc I watched so many videos trying to figure it out. parke bridal collection mocknecks","https://www.tiktok.com/tag/parkemockneck","#parkemockneck","https://www.tiktok.com/tag/parkebridal","#parkebridal","https://www.tiktok.com/tag/parkesizing","#parkesizing","https://www.tiktok.com/tag/fyp","#fyp","https://www.tiktok.com/tag/tryonwithme","#tryonwithme","https://www.tiktok.com/@parkeofficial","@Parke","https://www.tiktok.com/@kghalter","https://p16-common-sign.tiktokcdn-us.com/tos-useast8-avt-0068-tx2/a03ab47c5fbfc5299b17c58736ddeddd~tplv-tiktokx-cropcenter:100:100.jpeg?dr=9640&refresh_token=2e36b747&x-expires=1775743200&x-signature=tUsIwdYquXkZT%2B42sN21tsTAj8Y%3D&t=4d5b0474&ps=13740610&shp=a5d48078&shcp=81f88b70&idc=useast5","kghalter","23h ago"
"https://www.tiktok.com/@carrieswz/video/7604303691188931870","https://p16-common-sign.tiktokcdn-us.com/tos-useast8-p-0068-tx2/oQtHj8fJTIqLIlI26CDF3ufEIGDC3AAhcAfEgD~tplv-tiktokx-origin.image?dr=9636&x-expires=1775743200&x-signature=xSZKHEDb23kZytBZaVN5tAjxH0c%3D&t=4d5b0474&ps=13740610&shp=81f88b70&shcp=43f4a2f9&idc=useast5","9969","I totally get some people like the oversized fit but this was toooo much for me 😔😔","https://www.tiktok.com/tag/parke","#parke","https://www.tiktok.com/tag/parkevalentinesdaydrop","#parkevalentinesdaydrop","https://www.tiktok.com/tag/sweatshirt","#sweatshirt","https://www.tiktok.com/tag/mockneck","#mockneck","","","","","https://www.tiktok.com/@carrieswz","https://p16-common-sign.tiktokcdn-us.com/tos-useast5-avt-0068-tx/7338146787113238574~tplv-tiktokx-cropcenter:100:100.jpeg?dr=9640&refresh_token=2f3e6003&x-expires=1775743200&x-signature=8a2CeABnykAeVwmCj91927RzAMA%3D&t=4d5b0474&ps=13740610&shp=a5d48078&shcp=81f88b70&idc=useast5","carrieswz","2-7"
"https://www.tiktok.com/@myriah.clendenin/video/7546410453740604686","https://p16-common-sign.tiktokcdn-us.com/tos-useast5-p-0068-tx/o4foBGRCEhDud6QEBPFxwEAHDfA1IgCojkASgA~tplv-photomode-zoomcover:720:720.jpeg?dr=9616&x-expires=1775743200&x-signature=3zU6qQKAsqBR7EjT3bUf0f8J68k%3D&t=4d5b0474&ps=13740610&shp=81f88b70&shcp=43f4a2f9&idc=useast5&ftpl=1","13.5K","if you have the bridal collection mock neck is it supposed to be a mint blue color??? How do I get this to shrink help!! I ordered the same size as my previous mock neck and it fits me like I want and this one is HUGE😭😭😭","https://www.tiktok.com/tag/parke","#parke","https://www.tiktok.com/tag/parkehaul","#parkehaul","https://www.tiktok.com/tag/parkemockneck","#parkemockneck","https://www.tiktok.com/tag/helpme","#helpme","https://www.tiktok.com/tag/package","#package","","","https://www.tiktok.com/@myriah.clendenin","https://p16-common-sign.tiktokcdn-us.com/tos-useast5-avt-0068-tx/0b02fce69dafd3aeab864ba6f19221c6~tplv-tiktokx-cropcenter:100:100.jpeg?dr=9640&refresh_token=ddcb32bb&x-expires=1775743200&x-signature=p9xyL%2Bu2OauDJNxhhtKTjQE7eUc%3D&t=4d5b0474&ps=13740610&shp=a5d48078&shcp=81f88b70&idc=useast5","myriah.clendenin","2025-9-4"
"https://www.tiktok.com/@darcymcqueenyyy/video/7616459953447996703","https://p16-common-sign.tiktokcdn-us.com/tos-useast8-p-0068-tx2/oMi3DAICEiAfgICzA0AA1wCYKBi0VG2BYqGGZ3~tplv-tiktokx-origin.image?dr=9636&x-expires=1775743200&x-signature=AY7kyp2GHQnX6TDQAF5mLMY2gMc%3D&t=4d5b0474&ps=13740610&shp=81f88b70&shcp=43f4a2f9&idc=useast5","27.7K","it was time for a COLLECTION VIDEO😭✨💗 omg…","https://www.tiktok.com/tag/parke","#parke","https://www.tiktok.com/tag/mocknecks","#mocknecks","https://www.tiktok.com/tag/clothescollection","#clothescollection","https://www.tiktok.com/tag/parkemockneck","#parkemockneck","https://www.tiktok.com/tag/collection","#collection","","","https://www.tiktok.com/@darcymcqueenyyy","https://p16-common-sign.tiktokcdn-us.com/tos-useast8-avt-0068-tx2/cc3d49f6437a815095c5a80ebac3bca1~tplv-tiktokx-cropcenter:100:100.jpeg?dr=9640&refresh_token=6c1ffe20&x-expires=1775743200&x-signature=usxFEkmtklCr30ufBOWkHpDQnCI%3D&t=4d5b0474&ps=13740610&shp=a5d48078&shcp=81f88b70&idc=useast5","darcymcqueenyyy","3-12"
"https://www.tiktok.com/@emilyirlbeck/video/7623495700881460511","https://p16-common-sign.tiktokcdn-us.com/tos-useast8-p-0068-tx2/oEEADIA9E9BZwAylrAABBEajGOMxEROiRIicP~tplv-photomode-zoomcover:720:720.jpeg?dr=9616&x-expires=1775743200&x-signature=wzage5KMZ0NyTxYfarse%2BIB4yuw%3D&t=4d5b0474&ps=13740610&shp=81f88b70&shcp=43f4a2f9&idc=useast5&ftpl=1","213","🔗 in bio!!!","https://www.tiktok.com/@bloomingdales","@Bloomingdales","https://www.tiktok.com/@parkeofficial","@Parke","https://www.tiktok.com/tag/parke","#parke","https://www.tiktok.com/tag/parkebloomingdales","#parkebloomingdales","https://www.tiktok.com/tag/parkehaul","#parkehaul","https://www.tiktok.com/tag/parkemockneck","#parkemockneck","https://www.tiktok.com/@emilyirlbeck","https://p16-common-sign.tiktokcdn-us.com/tos-useast8-avt-0068-tx2/363759b3af98b7ee3168d56b0f49ef38~tplv-tiktokx-cropcenter:100:100.jpeg?dr=9640&refresh_token=62afae8b&x-expires=1775743200&x-signature=EU2muX3xTCmOCTdEirhWHT56weE%3D&t=4d5b0474&ps=13740610&shp=a5d48078&shcp=81f88b70&idc=useast5","emilyirlbeck","6d ago"
"https://www.tiktok.com/@kathleen.post/video/7519133838442777870","https://p16-common-sign.tiktokcdn-us.com/tos-useast5-p-0068-tx/ow4JFBUvZFIUkSEaRtIUXAiVlPgEIk46WiBhB~tplv-tiktokx-dmt-logom:tos-useast5-i-0068-tx/oIf0sJIBCCBLbZOiXVipKEAJBPABIwB9KJAJ1A.image?dr=9634&x-expires=1775743200&x-signature=TqRFL4P2XHAHFOsHrFeg63ACl%2F4%3D&t=4d5b0474&ps=13740610&shp=81f88b70&shcp=43f4a2f9&idc=useast5","23.3K","Parke coastal! Wearing l/xl in mockneck! ❤️ so good 👏🏼","https://www.tiktok.com/@chelseaparkee","@chelsea parke","https://www.tiktok.com/@parkeofficial","@Parke","","","","","","","","","https://www.tiktok.com/@kathleen.post","https://p19-common-sign.tiktokcdn-us.com/tos-useast5-avt-0068-tx/7343059696251502638~tplv-tiktokx-cropcenter:100:100.jpeg?dr=9640&refresh_token=426c5055&x-expires=1775743200&x-signature=CkMjISKb6oRZh23PupZeiqcbG84%3D&t=4d5b0474&ps=13740610&shp=a5d48078&shcp=81f88b70&idc=useast5","kathleen.post","2025-6-23"
"https://www.tiktok.com/@alannabarron/video/7615454677852785934","https://p16-common-sign.tiktokcdn-us.com/tos-useast5-p-0068-tx/os54gALBnGkj0PffHKGAg4Xrj0TADCqI2wIOeM~tplv-tiktokx-origin.image?dr=9636&x-expires=1775743200&x-signature=K40CdLVVielWkU2a19OkR%2F1hSqE%3D&t=4d5b0474&ps=13740610&shp=81f88b70&shcp=43f4a2f9&idc=useast5","2401","I’m freaking out thank you so much","https://www.tiktok.com/@parkeofficial","@Parke","https://www.tiktok.com/@chelseaparkee","@chelsea parke","https://www.tiktok.com/tag/parke","#parke","https://www.tiktok.com/tag/parkemockneck","#parkemockneck","","","","","https://www.tiktok.com/@alannabarron","https://p16-common-sign.tiktokcdn-us.com/tos-useast5-avt-0068-tx/0304d42bde563cd5a7b863a923f53cb8~tplv-tiktokx-cropcenter:100:100.jpeg?dr=9640&refresh_token=df3a7d7f&x-expires=1775743200&x-signature=yryxVZkIq%2B2nTg%2F3Mjumu0cYIIo%3D&t=4d5b0474&ps=13740610&shp=a5d48078&shcp=81f88b70&idc=useast5","alannabarron","3-9"
"https://www.tiktok.com/@taylorgallis/video/7473923857414606126","https://p16-common-sign.tiktokcdn-us.com/tos-useast5-p-0068-tx/oQn4iECBPAtg3k7sAZ3ATEbkRA42ii7zIsBkx~tplv-tiktokx-origin.image?dr=9636&x-expires=1775743200&x-signature=Q6%2FdCtEwaJCtmUGsfNWZttWaQfQ%3D&t=4d5b0474&ps=13740610&shp=81f88b70&shcp=43f4a2f9&idc=useast5","904","My face the whole video 😮 thank you so much","https://www.tiktok.com/@parkeofficial","@Parke","https://www.tiktok.com/@chelseaparkee","@chelsea parke","https://www.tiktok.com/tag/parke","#parke","https://www.tiktok.com/tag/parkemockneck","#parkemockneck","","","","","https://www.tiktok.com/@taylorgallis","https://p16-common-sign.tiktokcdn-us.com/tos-useast5-avt-0068-tx/b40f30555d2049fb0e8e564aa6a62e24~tplv-tiktokx-cropcenter:100:100.jpeg?dr=9640&refresh_token=2da6db27&x-expires=1775743200&x-signature=iFiri4X047QSDFSQwWF7iIxeeXg%3D&t=4d5b0474&ps=13740610&shp=a5d48078&shcp=81f88b70&idc=useast5","taylorgallis","2025-2-21"
"https://www.tiktok.com/@loveatfirstbag/video/7603857726556491022","https://p16-common-sign.tiktokcdn-us.com/tos-useast5-p-0068-tx/oQD7RfA7EE34tlADlVpEGDHChI9TS2AfgAoFCR~tplv-tiktokx-origin.image?dr=9636&x-expires=1775743200&x-signature=G6AFRRLalH4vi83bFkv0FtIiX6M%3D&t=4d5b0474&ps=13740610&shp=81f88b70&shcp=43f4a2f9&idc=useast5","27.8K","Since I scored my first Parke Mockneck pre-loved, I found it interesting how much of a size difference there is between a washed/dried mockneck and a brand new one! Which fit do we like better? 🤔","https://www.tiktok.com/tag/parke","#parke","https://www.tiktok.com/tag/parkevalentinesdaydrop","#parkevalentinesdaydrop","https://www.tiktok.com/tag/parkemockneck","#parkemockneck","https://www.tiktok.com/tag/foryoupage","#foryoupage","https://www.tiktok.com/tag/sizing","#sizing","https://www.tiktok.com/@chelseaparkee","@chelsea parke","https://www.tiktok.com/@loveatfirstbag","https://p16-common-sign.tiktokcdn-us.com/tos-useast5-avt-0068-tx/c7605c2c4b77a18fa958b6e6dd648186~tplv-tiktokx-cropcenter:100:100.jpeg?dr=9640&refresh_token=fd705132&x-expires=1775743200&x-signature=%2FgYeFep5GmPhQrTLmaT1zQ3%2Fs94%3D&t=4d5b0474&ps=13740610&shp=a5d48078&shcp=81f88b70&idc=useast5","loveatfirstbag","2-6"
"https://www.tiktok.com/@allymcnulty/video/7623201961071922463","https://p16-common-sign.tiktokcdn-us.com/tos-useast8-p-0068-tx2/oMRC3FEXAUafGoy47pFeAMVWaAIEQAGDDwGPEA~tplv-tiktokx-dmt-logom:tos-useast8-i-0068-tx2/o0b5BfysCiqKIdD16A0AiBTLEIIYAA0uDilAQE.image?dr=9634&x-expires=1775743200&x-signature=z8bnpjO7cdBkylWtRpm%2Br4WagAo%3D&t=4d5b0474&ps=13740610&shp=81f88b70&shcp=43f4a2f9&idc=useast5","1074","The cutest mockneck out there!! Thank you","https://www.tiktok.com/@parkeofficial","@Parke","https://www.tiktok.com/@chelseaparkee","@chelsea parke","","","","","","","","","https://www.tiktok.com/@allymcnulty","https://p16-common-sign.tiktokcdn-us.com/tos-useast5-avt-0068-tx/085216486a6c315f7e529cd82cf06d77~tplv-tiktokx-cropcenter:100:100.jpeg?dr=9640&refresh_token=7a6bbfa4&x-expires=1775743200&x-signature=wijumchmuGhnCDa9YlGxrmIeG%2Fs%3D&t=4d5b0474&ps=13740610&shp=a5d48078&shcp=81f88b70&idc=useast5","allymcnulty","1w ago"
"https://www.tiktok.com/@mauiweiss/video/7625398080120147230","https://p16-common-sign.tiktokcdn-us.com/tos-useast8-p-0068-tx2/o46PAi1OL9BRzSSdXai0IVRIwiu2vjBEn9AC1~tplv-photomode-zoomcover:720:720.jpeg?dr=9616&x-expires=1775743200&x-signature=GhkrVZbU52LcXu8oetdQVudOJfM%3D&t=4d5b0474&ps=13740610&shp=81f88b70&shcp=43f4a2f9&idc=useast5&ftpl=1","46","l/xl looks big on me but hopefully itll shrink!","https://www.tiktok.com/tag/parke","#parke","https://www.tiktok.com/tag/mockneck","#mockneck","https://www.tiktok.com/tag/fyp","#fyp","https://www.tiktok.com/tag/shopping","#shopping","https://www.tiktok.com/tag/haul","#haul","","","https://www.tiktok.com/@mauiweiss","https://p16-common-sign.tiktokcdn-us.com/tos-useast5-avt-0068-tx/05ec78c31a5c638a078dc5ae5f3a6c91~tplv-tiktokx-cropcenter:100:100.jpeg?dr=9640&refresh_token=70d46a3e&x-expires=1775743200&x-signature=TNLYfuOulNazFg5SW8SkJtpHPuE%3D&t=4d5b0474&ps=13740610&shp=a5d48078&shcp=81f88b70&idc=useast5","mauiweiss","1d ago"
"https://www.tiktok.com/@_lucycampbell/video/7558166969283775758","https://p19-common-sign.tiktokcdn-us.com/tos-useast5-p-0068-tx/osEAQSefAhMIokERIA5o2AFEyAQDrHgDAlzAIC~tplv-tiktokx-origin.image?dr=9636&x-expires=1775743200&x-signature=OLtzVB6yRhA%2BreGKY1AjI11USkw%3D&t=4d5b0474&ps=13740610&shp=81f88b70&shcp=43f4a2f9&idc=useast5","24.6K","fleece season is here🧸🤎","https://www.tiktok.com/@parkeofficial","@Parke","","","","","","","","","","","https://www.tiktok.com/@_lucycampbell","https://p19-common-sign.tiktokcdn-us.com/tos-useast5-avt-0068-tx/77a7ed9f54780f367f87bb41cb90095c~tplv-tiktokx-cropcenter:100:100.jpeg?dr=9640&refresh_token=f37a174b&x-expires=1775743200&x-signature=bENlQSOq0gCsI1qVZWvodmVeKGY%3D&t=4d5b0474&ps=13740610&shp=a5d48078&shcp=81f88b70&idc=useast5","_lucycampbell","2025-10-6"
"https://www.tiktok.com/@oolivia.marie/video/7625475727768521998","https://p16-common-sign.tiktokcdn-us.com/tos-useast5-p-0068-tx/oodIziPQaD34bcYEM3VkAYEgABAydTD2IhAiB~tplv-photomode-zoomcover:720:720.jpeg?dr=9616&x-expires=1775743200&x-signature=rIy388DNYvxDB2LWPZcP9BYnHVU%3D&t=4d5b0474&ps=13740610&shp=81f88b70&shcp=43f4a2f9&idc=useast5&ftpl=1","58","They literally are as good as yall say. Which is now a problem bc I want more 😭😭😭","https://www.tiktok.com/@parkeofficial","@Parke","https://www.tiktok.com/@chelseaparkee","@chelsea parke","https://www.tiktok.com/tag/parke","#parke","https://www.tiktok.com/tag/parkemockneck","#parkemockneck","https://www.tiktok.com/tag/mockneck","#mockneck","https://www.tiktok.com/tag/chelseaparke","#chelseaparke","https://www.tiktok.com/@oolivia.marie","https://p16-common-sign.tiktokcdn-us.com/tos-useast5-avt-0068-tx/cd145ca67cb2aa74f412cc51cfd0de9c~tplv-tiktokx-cropcenter:100:100.jpeg?dr=9640&refresh_token=03773b87&x-expires=1775743200&x-signature=IFs2rzhDCZsVuHqUt5dkqe4uwPA%3D&t=4d5b0474&ps=13740610&shp=a5d48078&shcp=81f88b70&idc=useast5","oolivia.marie","1d ago"
"https://www.tiktok.com/@morganhardyyy/video/7575218944450022670","https://p19-common-sign.tiktokcdn-us.com/tos-useast5-p-0068-tx/oUcEUfJgMgRRByvIBLyiAeBSlDIiEv7BphWbGE~tplv-tiktokx-origin.image?dr=9636&x-expires=1775743200&x-signature=e1IJZ4siSapy8irh1Thl2tgYmOw%3D&t=4d5b0474&ps=13740610&shp=81f88b70&shcp=43f4a2f9&idc=useast5","48.3K","(21/30) You mean I DONT have to wait for shipping anymore!?!? Im so excited about this find 🛍️🛍️","https://www.tiktok.com/@anthro","@anthro","https://www.tiktok.com/@anthropologieofficial","@Anthropologie","https://www.tiktok.com/@parkeofficial","@Parke","https://www.tiktok.com/@chelseaparkee","@chelsea parke","https://www.tiktok.com/tag/parke","#parke","https://www.tiktok.com/tag/anthropologie","#anthropologie","https://www.tiktok.com/@morganhardyyy","https://p16-common-sign.tiktokcdn-us.com/tos-useast5-avt-0068-tx/d32df8451a45703de6f248ae01e7f8b8~tplv-tiktokx-cropcenter:100:100.jpeg?dr=9640&refresh_token=9f004d9e&x-expires=1775743200&x-signature=l9z%2FEP%2BPb9wsdyusWtFdxdHphOY%3D&t=4d5b0474&ps=13740610&shp=a5d48078&shcp=81f88b70&idc=useast5","morganhardyyy","2025-11-21"
"https://www.tiktok.com/@reesejayde/video/7625087233720143117","https://p16-common-sign.tiktokcdn-us.com/tos-useast5-p-0068-tx/owIPwcpmDIHL6RkAAeFASARIZBf2p5DIEDgsE0~tplv-tiktokx-origin.image?dr=9636&x-expires=1775743200&x-signature=VWbP%2Bd9DBw06X35%2FI8lHU%2FyqLEA%3D&t=4d5b0474&ps=13740610&shp=81f88b70&shcp=43f4a2f9&idc=useast5","135","No bc it is that serious","https://www.tiktok.com/@parkeofficial","@Parke","","","","","","","","","","","https://www.tiktok.com/@reesejayde","https://p16-common-sign.tiktokcdn-us.com/tos-useast5-avt-0068-tx/441b01fd57de7715334b20bdf838f2bb~tplv-tiktokx-cropcenter:100:100.jpeg?dr=9640&refresh_token=11343e06&x-expires=1775743200&x-signature=fjJLG%2FxkpYQv4eTi0PgpVEWkyLw%3D&t=4d5b0474&ps=13740610&shp=a5d48078&shcp=81f88b70&idc=useast5","reesejayde","2d ago"
"https://www.tiktok.com/@taylormmantz/video/7625754552867949837","https://p16-common-sign.tiktokcdn-us.com/tos-useast5-p-0068-tx/o42z6AfES1QHYPRGECgGQ5FEnFNsnpovDgDBBf~tplv-photomode-zoomcover:720:720.jpeg?dr=9616&x-expires=1775743200&x-signature=tQTbw5YapOsq%2BaDRYQ5RSeyG%2B9o%3D&t=4d5b0474&ps=13740610&shp=81f88b70&shcp=43f4a2f9&idc=useast5&ftpl=1","42","bridal collection >> give me ALL of it 🩵","https://www.tiktok.com/@parkeofficial","@Parke","","","","","","","","","","","https://www.tiktok.com/@taylormmantz","https://p16-common-sign.tiktokcdn-us.com/tos-useast5-avt-0068-tx/c0705c20b1f051f1b6e2d29a9b9fa342~tplv-tiktokx-cropcenter:100:100.jpeg?dr=9640&refresh_token=ea5109b5&x-expires=1775743200&x-signature=C4m9m%2F62CvXnmkyb8eWIVQq8mNc%3D&t=4d5b0474&ps=13740610&shp=a5d48078&shcp=81f88b70&idc=useast5","taylormmantz","17h ago"
"https://www.tiktok.com/@darcymcqueenyyy/video/7467298301684092191","https://p16-common-sign.tiktokcdn-us.com/tos-useast8-p-0068-tx2/owSCAX3fFCqnFEA2IxOMRWJDAEZEVeAPJVoAQA~tplv-tiktokx-origin.image?dr=9636&x-expires=1775743200&x-signature=7UNS%2BySvFTV5aiHYgqQzo8UVOUw%3D&t=4d5b0474&ps=13740610&shp=81f88b70&shcp=43f4a2f9&idc=useast5","25.7K","the most TALKED ABOUT one too😭👏🏼💗🎁 ILY","https://www.tiktok.com/@parkeofficial","@Parke","https://www.tiktok.com/tag/parke","#parke","https://www.tiktok.com/tag/parkevalentines","#parkevalentines","https://www.tiktok.com/tag/mockneck","#mockneck","https://www.tiktok.com/tag/prpackage","#prpackage","https://www.tiktok.com/tag/parkemockneck","#parkemockneck","https://www.tiktok.com/@darcymcqueenyyy","https://p16-common-sign.tiktokcdn-us.com/tos-useast8-avt-0068-tx2/cc3d49f6437a815095c5a80ebac3bca1~tplv-tiktokx-cropcenter:100:100.jpeg?dr=9640&refresh_token=6c1ffe20&x-expires=1775743200&x-signature=usxFEkmtklCr30ufBOWkHpDQnCI%3D&t=4d5b0474&ps=13740610&shp=a5d48078&shcp=81f88b70&idc=useast5","darcymcqueenyyy","2025-2-3"
"https://www.tiktok.com/@itgirlvivian/video/7623794496471420190","https://p16-common-sign.tiktokcdn-us.com/tos-useast8-p-0068-tx2/oQfIICP2z415vTPNPMAYIQYKADiMi0Ap56BqFi~tplv-photomode-zoomcover:720:720.jpeg?dr=9616&x-expires=1775743200&x-signature=ymxy6C6Bl%2Ff%2F%2FNQtBTRhfGM8HXw%3D&t=4d5b0474&ps=13740610&shp=81f88b70&shcp=43f4a2f9&idc=useast5&ftpl=1","136","I GOT A PARKE MOCKNECK!⭐️🤍🌺","","","","","","","","","","","","","https://www.tiktok.com/@itgirlvivian","https://p16-common-sign.tiktokcdn-us.com/tos-useast8-avt-0068-tx2/bd4149aa45220d62513c90f7a5854813~tplv-tiktokx-cropcenter:100:100.jpeg?dr=9640&refresh_token=a4582d7f&x-expires=1775743200&x-signature=GKUr4fQqdn39SRcqyzhG3wuiiXI%3D&t=4d5b0474&ps=13740610&shp=a5d48078&shcp=81f88b70&idc=useast5","itgirlvivian","6d ago"
"https://www.tiktok.com/@tayy.vonnn/video/7521884895447239991","https://p16-common-sign.tiktokcdn-us.com/tos-useast5-p-0068-tx/ooTHTTMGWeLzxNGfujM4ACEImeRQgkC8AQjvHQ~tplv-tiktokx-origin.image?dr=9636&x-expires=1775743200&x-signature=%2BFTDO77z0Z8Ko10DNUyo8tH2zek%3D&t=4d5b0474&ps=13740610&shp=81f88b70&shcp=43f4a2f9&idc=useast5","19.1K","The way it’s arriving the DAY after we leave 🥲🥲🥲🥲🥲","https://www.tiktok.com/@parkeofficial","@Parke","","","","","","","","","","","https://www.tiktok.com/@tayy.vonnn","https://p16-common-sign.tiktokcdn-us.com/tos-useast5-avt-0068-tx/fd95dab521373aaeb367be8d5d1eed91~tplv-tiktokx-cropcenter:100:100.jpeg?dr=9640&refresh_token=3b80fa0a&x-expires=1775743200&x-signature=AR9s4434WDEB28MoFK%2FtNzBhwSQ%3D&t=4d5b0474&ps=13740610&shp=a5d48078&shcp=81f88b70&idc=useast5","tayy.vonnn","2025-6-30"
"https://www.tiktok.com/@melindajanee/video/7486966779223330094","https://p16-common-sign.tiktokcdn-us.com/tos-useast5-p-0068-tx/osKOEgivAyJVCPSnBABAIZ87IPzwDBDCA4iWfu~tplv-tiktokx-origin.image?dr=9636&x-expires=1775743200&x-signature=aIrpsHw0lV0qC%2Fnw7rJD71SpXIY%3D&t=4d5b0474&ps=13740610&shp=81f88b70&shcp=43f4a2f9&idc=useast5","12.7K","ill put em in the storefront girlies 🤩","https://www.tiktok.com/tag/mockneck","#mockneck","https://www.tiktok.com/tag/parke","#parke","https://www.tiktok.com/tag/sweatshirt","#sweatshirt","","","","","","","https://www.tiktok.com/@melindajanee","https://p16-common-sign.tiktokcdn-us.com/tos-useast5-avt-0068-tx/3e13791a1e182cc0281d5b6cf0a1f2e1~tplv-tiktokx-cropcenter:100:100.jpeg?dr=9640&refresh_token=4a14bcd9&x-expires=1775743200&x-signature=Z7YMgjLLt%2FgN5E4YDJ%2FiMe29yvE%3D&t=4d5b0474&ps=13740610&shp=a5d48078&shcp=81f88b70&idc=useast5","melindajanee","2025-3-28"
"https://www.tiktok.com/@mikayla.vallati/video/7570951596968791327","https://p16-common-sign.tiktokcdn-us.com/tos-useast8-p-0068-tx2/okEaRRbOiviiFZBIA4z0REBsrABVCKbROGDbV~tplv-tiktokx-origin.image?dr=9636&x-expires=1775743200&x-signature=142Wz9Wy12jFfRkyIAGNhk58K%2B8%3D&t=4d5b0474&ps=13740610&shp=81f88b70&shcp=43f4a2f9&idc=useast5","4653","& it’s from amzn what!! under my “best sellers” list","https://www.tiktok.com/tag/amazonfinds","#amazonfinds","https://www.tiktok.com/tag/amazonfashion","#amazonfashion","https://www.tiktok.com/tag/mockneck","#mockneck","https://www.tiktok.com/tag/bubblegumpink","#bubblegumpink","https://www.tiktok.com/tag/parke","#parke","","","https://www.tiktok.com/@mikayla.vallati","https://p16-common-sign.tiktokcdn-us.com/tos-useast8-avt-0068-tx2/e7bc043f42b7fc4040268bd410bf5bd7~tplv-tiktokx-cropcenter:100:100.jpeg?dr=9640&refresh_token=d9b34e15&x-expires=1775743200&x-signature=eFXiMRKyTb8UXPe7gmURu4CgIBs%3D&t=4d5b0474&ps=13740610&shp=a5d48078&shcp=81f88b70&idc=useast5","mikayla.vallati","2025-11-9"
"https://www.tiktok.com/@feliciazangri/video/7624564396144037151","https://p16-common-sign.tiktokcdn-us.com/tos-useast8-p-0068-tx2/ok4T47QIHAWuEjY8AIFen5qDEfv7HPeEIICLPI~tplv-tiktokx-origin.image?dr=9636&x-expires=1775743200&x-signature=lhYzAY4LlwkHLcZbqqaCgXwvd9o%3D&t=4d5b0474&ps=13740610&shp=81f88b70&shcp=43f4a2f9&idc=useast5","1962","PARKE CORE IS COMING ON 4/14!! WHAT ARE YOU GUYS EYEING??? 🩵💙🤍🔜🤭👀","","","","","","","","","","","","","https://www.tiktok.com/@feliciazangri","https://p16-common-sign.tiktokcdn-us.com/tos-useast8-avt-0068-tx2/913495de89d7de7fce7bbb83ac439fd5~tplv-tiktokx-cropcenter:100:100.jpeg?dr=9640&refresh_token=9b49399d&x-expires=1775743200&x-signature=Pl4ijoAEKO8HeKCVTWL0fbQwJik%3D&t=4d5b0474&ps=13740610&shp=a5d48078&shcp=81f88b70&idc=useast5","feliciazangri","3d ago"
"https://www.tiktok.com/@rreaganspencerr/video/7512112165025762602","https://p16-common-sign.tiktokcdn-us.com/tos-useast5-p-0068-tx/oUYlAA1yMkA7cEIQBgFfHEAEdYxASXEfjAD1Ie~tplv-tiktokx-origin.image?dr=9636&x-expires=1775743200&x-signature=jRFTK1gwWtriOpoay%2BB8T1yrM78%3D&t=4d5b0474&ps=13740610&shp=81f88b70&shcp=43f4a2f9&idc=useast5","12.2K","I’ve yet to find another sweatshirt that fits as nicely as","https://www.tiktok.com/@parkeofficial","@Parke","https://www.tiktok.com/tag/parke","#parke","https://www.tiktok.com/tag/parkesweatshirt","#parkesweatshirt","https://www.tiktok.com/tag/mockneck","#mockneck","https://www.tiktok.com/tag/mocknecksweatshirt","#mocknecksweatshirt","https://www.tiktok.com/tag/summersweatshirt","#summersweatshirt","https://www.tiktok.com/@rreaganspencerr","https://p16-common-sign.tiktokcdn-us.com/tos-useast5-avt-0068-tx/100f905e839fb6eebe68fa1dfcbf2028~tplv-tiktokx-cropcenter:100:100.jpeg?dr=9640&refresh_token=006cec98&x-expires=1775743200&x-signature=K450id%2Fkq%2BhkLAVjizL1M22Y4GQ%3D&t=4d5b0474&ps=13740610&shp=a5d48078&shcp=81f88b70&idc=useast5","rreaganspencerr","2025-6-4"
"https://www.tiktok.com/@lolo.summer/video/7533054463607606559","https://p16-common-sign.tiktokcdn-us.com/tos-useast8-p-0068-tx2/oQIzrKSivpJ5oKRCtlAEEyBVByABAABLtAiIa~tplv-tiktokx-origin.image?dr=9636&x-expires=1775743200&x-signature=jH2ohpEEF2qxXmDxrtOw8tiQE%2Fw%3D&t=4d5b0474&ps=13740610&shp=81f88b70&shcp=43f4a2f9&idc=useast5","4246","X","https://www.tiktok.com/@setactive","@setactive","https://www.tiktok.com/@parkeofficial","@Parke","https://www.tiktok.com/tag/parke","#parke","https://www.tiktok.com/tag/setactive","#setactive","https://www.tiktok.com/tag/mockneck","#mockneck","https://www.tiktok.com/tag/parkemockneck","#parkemockneck","https://www.tiktok.com/@lolo.summer","https://p16-common-sign.tiktokcdn-us.com/tos-useast8-avt-0068-tx2/e70c2c0e1636a8ed1b31159f8a62e8bd~tplv-tiktokx-cropcenter:100:100.jpeg?dr=9640&refresh_token=4b439086&x-expires=1775743200&x-signature=Jb1D671MXWW8DpBIj4E0kVOgfKs%3D&t=4d5b0474&ps=13740610&shp=a5d48078&shcp=81f88b70&idc=useast5","lolo.summer","2025-7-30"
"https://www.tiktok.com/@caro__beth/video/7621963968877284621","https://p16-common-sign.tiktokcdn-us.com/tos-useast5-p-0068-tx/oAfRQEbpAompO3PNdPBmQfwUgCFBDpAqxTDSOE~tplv-tiktokx-origin.image?dr=9636&x-expires=1775743200&x-signature=AEachTFlJxP4pXwRZiefAUQB2v4%3D&t=4d5b0474&ps=13740610&shp=81f88b70&shcp=43f4a2f9&idc=useast5","4471","OH SHE’S BACH READY ✈️🤠💍","https://www.tiktok.com/@parkeofficial","@Parke","https://www.tiktok.com/tag/parkemockneck","#parkemockneck","https://www.tiktok.com/tag/customembroidery","#customembroidery","","","","","","","https://www.tiktok.com/@caro__beth","https://p16-common-sign.tiktokcdn-us.com/tos-useast5-avt-0068-tx/7324576380757229614~tplv-tiktokx-cropcenter:100:100.jpeg?dr=9640&refresh_token=7ad8c2fc&x-expires=1775743200&x-signature=i3PfYqYDBZaSXONjTgjOtj%2B0Z7Y%3D&t=4d5b0474&ps=13740610&shp=a5d48078&shcp=81f88b70&idc=useast5","caro__beth","3-27"
"https://www.tiktok.com/@kenna_walker/video/7591733108999802142","https://p16-common-sign.tiktokcdn-us.com/tos-useast8-p-0068-tx2/ooCF9AfAKrIA0QIBCSAWE8iiFVAzA0bSBSiaB8~tplv-photomode-zoomcover:720:720.jpeg?dr=9616&x-expires=1775743200&x-signature=OtUs1Kr2YNi8I01qXaVse0SMTKU%3D&t=4d5b0474&ps=13740610&shp=81f88b70&shcp=43f4a2f9&idc=useast5&ftpl=1","3274","how do I fix it","","","","","","","","","","","","","https://www.tiktok.com/@kenna_walker","https://p16-common-sign.tiktokcdn-us.com/tos-useast8-avt-0068-tx2/3888e986af1a0a9da20ae078f9861adf~tplv-tiktokx-cropcenter:100:100.jpeg?dr=9640&refresh_token=c12d1dc6&x-expires=1775743200&x-signature=TzdzdPS%2F1uL0J62XgCr43Mb%2FxR0%3D&t=4d5b0474&ps=13740610&shp=a5d48078&shcp=81f88b70&idc=useast5","kenna_walker","1-4"
"https://www.tiktok.com/@natalienycc/video/7625748246673116447","https://p16-common-sign.tiktokcdn-us.com/tos-useast8-p-0068-tx2/o8ECh3IAVxAFZEBGP3Rye1fsqmDjEB1IjCbptU~tplv-tiktokx-origin.image?dr=9636&x-expires=1775743200&x-signature=FAeFbDh4V%2BkedML%2FY4%2BCBz93pgk%3D&t=4d5b0474&ps=13740610&shp=81f88b70&shcp=43f4a2f9&idc=useast5","63","Depop is n_k1 I also have sprinkle in s/m & l/xl","https://www.tiktok.com/tag/fyp","#fyp","https://www.tiktok.com/tag/foryoupage","#foryoupage","https://www.tiktok.com/tag/parke","#parke","","","","","","","https://www.tiktok.com/@natalienycc","https://p16-common-sign.tiktokcdn-us.com/tos-useast5-avt-0068-tx/e805e9df0eaf878b455c97f6d1f9c4e9~tplv-tiktokx-cropcenter:100:100.jpeg?dr=9640&refresh_token=df9efa2a&x-expires=1775743200&x-signature=6BsEap0yeBITdXJkrruf%2BflHfio%3D&t=4d5b0474&ps=13740610&shp=a5d48078&shcp=81f88b70&idc=useast5","natalienycc","18h ago"
"https://www.tiktok.com/@kymera.lynn/video/7617952435738266894","https://p16-common-sign.tiktokcdn-us.com/tos-useast5-p-0068-tx/oAZH8WE8i4mbBEqhPMSliBUsU42hAIoEgaBV9~tplv-tiktokx-dmt-logom:tos-useast5-i-0068-tx/ogZb44v5a75NhVk2AAmAgC2JEbGnivBEBAxiI.image?dr=9634&x-expires=1775743200&x-signature=S90XNMPbpPES%2Frd9MiLxw7XlwSk%3D&t=4d5b0474&ps=13740610&shp=81f88b70&shcp=43f4a2f9&idc=useast5","180","PARKE MOCKNECK UNBOXING/ TRY ON","https://www.tiktok.com/@parkeofficial","@Parke","","","","","","","","","","","https://www.tiktok.com/@kymera.lynn","https://p16-common-sign.tiktokcdn-us.com/tos-useast5-avt-0068-tx/c8d6a47c2d8401ee1ad8e3a5bc94e949~tplv-tiktokx-cropcenter:100:100.jpeg?dr=9640&refresh_token=84fb6132&x-expires=1775743200&x-signature=USFrQBkoKeJbiZbzJnB3xPIv1Yk%3D&t=4d5b0474&ps=13740610&shp=a5d48078&shcp=81f88b70&idc=useast5","kymera.lynn","3-16"
"https://www.tiktok.com/@samantha_roseeeee/video/7557028472233757966","https://p16-common-sign.tiktokcdn-us.com/tos-useast5-p-0068-tx/ogR1kifqFCCQfAFjlHKQGZPGhvIrA9fmHR9DE2~tplv-photomode-zoomcover:720:720.jpeg?dr=9616&x-expires=1775743200&x-signature=htITOAzJfX5RIB3aEMxYUTrsP5c%3D&t=4d5b0474&ps=13740610&shp=81f88b70&shcp=43f4a2f9&idc=useast5&ftpl=1","6667","Miss Chelsea Parke you have some splainin to do……. Tried to do an honest review on the parke mock neck sweatshirts and oooof I’m so disappointed 😭","https://www.tiktok.com/tag/parke","#parke","https://www.tiktok.com/tag/parkemockneck","#parkemockneck","https://www.tiktok.com/tag/chelseaparke","#chelseaparke","https://www.tiktok.com/tag/deinfluencing","#deinfluencing","https://www.tiktok.com/tag/honestreview","#honestreview","https://www.tiktok.com/@chelseaparkee","@chelsea parke","https://www.tiktok.com/@samantha_roseeeee","https://p16-common-sign.tiktokcdn-us.com/tos-useast5-avt-0068-tx/581aa71af0749c9649f9a5568469ebdc~tplv-tiktokx-cropcenter:100:100.jpeg?dr=9640&refresh_token=dcdd15b9&x-expires=1775743200&x-signature=SC85l0b9iSV3%2F4a0h22Tc%2FBJhPQ%3D&t=4d5b0474&ps=13740610&shp=a5d48078&shcp=81f88b70&idc=useast5","samantha_roseeeee","2025-10-3"
"https://www.tiktok.com/@.emhaulss/video/7625342341955570974","https://p16-common-sign.tiktokcdn-us.com/tos-useast8-p-0068-tx2/oAyzrpMrfABjBRDYEP3SW4IgfFRIq0aQzSEIDY~tplv-tiktokx-origin.image?dr=9636&x-expires=1775743200&x-signature=YPWAnVR2U7hYe%2B1yjCQLpe042CM%3D&t=4d5b0474&ps=13740610&shp=81f88b70&shcp=43f4a2f9&idc=useast5","89","Bridal collection haull! Parke ily pls add me to ur pr list🥺🥺","https://www.tiktok.com/@parkeofficial","@Parke","https://www.tiktok.com/@chelseaparkee","@chelsea parke","https://www.tiktok.com/tag/viral","#viral","https://www.tiktok.com/tag/parke","#parke","https://www.tiktok.com/tag/xyzbca","#xyzbca","https://www.tiktok.com/tag/parkemockneck","#parkemockneck","https://www.tiktok.com/@.emhaulss","https://p16-common-sign.tiktokcdn-us.com/tos-useast5-avt-0068-tx/cd1d13ab4c67e525391f71e9be9c0058~tplv-tiktokx-cropcenter:100:100.jpeg?dr=9640&refresh_token=53a5e4e1&x-expires=1775743200&x-signature=wEucG78qx5UWlfyaL7BWukP%2Bi%2Bw%3D&t=4d5b0474&ps=13740610&shp=a5d48078&shcp=81f88b70&idc=useast5",".emhaulss","1d ago"
"https://www.tiktok.com/@_beccaleblanc/video/7456240955495156998","https://p16-common-sign.tiktokcdn-us.com/tos-maliva-p-0068/os5MovBAAIzAiBkHzEfBIsWI62004PCAAighKE~tplv-tiktokx-origin.image?dr=9636&x-expires=1775743200&x-signature=HDAVscmxzAILiPA7MasS4%2B4eFY0%3D&t=4d5b0474&ps=13740610&shp=81f88b70&shcp=43f4a2f9&idc=useast5","3565","the","https://www.tiktok.com/@parkeofficial","@Parke","","","","","","","","","","","https://www.tiktok.com/@_beccaleblanc","https://p16-common-sign.tiktokcdn-us.com/tos-alisg-avt-0068/1b40bbaf53af08845805f949ca63328b~tplv-tiktokx-cropcenter:100:100.jpeg?dr=9640&refresh_token=dd3f42c6&x-expires=1775743200&x-signature=ZPsssZUnro8T66nRSwlZvvNL36Q%3D&t=4d5b0474&ps=13740610&shp=a5d48078&shcp=81f88b70&idc=useast5","_beccaleblanc","2025-1-4"
"https://www.tiktok.com/@darcymcqueenyyy/video/7502145091310587166","https://p16-common-sign.tiktokcdn-us.com/tos-useast8-p-0068-tx2/oUDQAFHIlrA8EfoGBFPDE4EA5D0ofbARRAClAV~tplv-tiktokx-origin.image?dr=9636&x-expires=1775743200&x-signature=RwQm3FJPVne3fVzLflGlaZDmu5Y%3D&t=4d5b0474&ps=13740610&shp=81f88b70&shcp=43f4a2f9&idc=useast5","38K","the parke mockneck & claw clip is very ON BRAND🤌🏼😭","https://www.tiktok.com/tag/parke","#parke","https://www.tiktok.com/tag/clawclip","#clawclip","https://www.tiktok.com/tag/chelseaparkehair","#chelseaparkehair","https://www.tiktok.com/tag/fyp","#fyp","https://www.tiktok.com/tag/hairtok","#hairtok","https://www.tiktok.com/tag/hairstyles","#hairstyles","https://www.tiktok.com/@darcymcqueenyyy","https://p16-common-sign.tiktokcdn-us.com/tos-useast8-avt-0068-tx2/cc3d49f6437a815095c5a80ebac3bca1~tplv-tiktokx-cropcenter:100:100.jpeg?dr=9640&refresh_token=6c1ffe20&x-expires=1775743200&x-signature=usxFEkmtklCr30ufBOWkHpDQnCI%3D&t=4d5b0474&ps=13740610&shp=a5d48078&shcp=81f88b70&idc=useast5","darcymcqueenyyy","2025-5-8"
"https://www.tiktok.com/@sustainablefashionfriend/video/7532142701031099650","https://p16-common-sign.tiktokcdn-us.com/tos-no1a-p-0037-no/oQ8NgIQMaS8LHFvPFRxPI7ggeeWqvjADfdDuYA~tplv-tiktokx-origin.image?dr=9636&x-expires=1775743200&x-signature=CoT9hD1JN15cUe%2FgmMcYFoObA6o%3D&t=4d5b0474&ps=13740610&shp=81f88b70&shcp=43f4a2f9&idc=useast5","4429","So Parke’s mock neck supplier finally popped up through public import records. I looked them up, and yep… they’re only really findable on alibaba, which is kinda funny if you remember the videos i made a while back.","","","","","","","","","","","","","https://www.tiktok.com/@sustainablefashionfriend","https://p16-common-sign.tiktokcdn-us.com/tos-maliva-avt-0068/681c008f171c6dcdeb378e6f01a1c118~tplv-tiktokx-cropcenter:100:100.jpeg?dr=9640&refresh_token=31ece2b9&x-expires=1775743200&x-signature=atfMmXEVqxYwWw66WmxI4bxvKVM%3D&t=4d5b0474&ps=13740610&shp=a5d48078&shcp=81f88b70&idc=useast5","sustainablefashionfriend","2025-7-28"
"https://www.tiktok.com/@haileyvlogsdaily/video/7622709081731599646","https://p16-common-sign.tiktokcdn-us.com/tos-useast8-p-0068-tx2/o8EuJPAEAljIDymDlRKiXirZR5BaqcArBANAT~tplv-tiktokx-origin.image?dr=9636&x-expires=1775743200&x-signature=SD9FPirxjJFkghiv5ebFrO42yAY%3D&t=4d5b0474&ps=13740610&shp=81f88b70&shcp=43f4a2f9&idc=useast5","2431","they knew 🤩","","","","","","","","","","","","","https://www.tiktok.com/@haileyvlogsdaily","https://p16-common-sign.tiktokcdn-us.com/tos-useast8-avt-0068-tx2/634727bc38d1906b91aa8a63527ff25d~tplv-tiktokx-cropcenter:100:100.jpeg?dr=9640&refresh_token=58147c43&x-expires=1775743200&x-signature=sMFWDwUYTRxgHhEI0kXTZgF4wUE%3D&t=4d5b0474&ps=13740610&shp=a5d48078&shcp=81f88b70&idc=useast5","haileyvlogsdaily","3-29"
"https://www.tiktok.com/@mikayla.vallati/video/7575982253700893982","https://p16-common-sign.tiktokcdn-us.com/tos-useast8-p-0068-tx2/oUztmjtE0GIeIP8pAKCIRSwFOfgG88EVEDOBA5~tplv-tiktokx-origin.image?dr=9636&x-expires=1775743200&x-signature=vs0CNVw4vZuritSe%2FgD5%2B8NbaQU%3D&t=4d5b0474&ps=13740610&shp=81f88b70&shcp=43f4a2f9&idc=useast5","5767","wearing a medium for an overzied fit! under my “best sellers” list ☁️🤍","https://www.tiktok.com/tag/parke","#parke","https://www.tiktok.com/tag/mockneck","#mockneck","","","","","","","","","https://www.tiktok.com/@mikayla.vallati","https://p16-common-sign.tiktokcdn-us.com/tos-useast8-avt-0068-tx2/e7bc043f42b7fc4040268bd410bf5bd7~tplv-tiktokx-cropcenter:100:100.jpeg?dr=9640&refresh_token=d9b34e15&x-expires=1775743200&x-signature=eFXiMRKyTb8UXPe7gmURu4CgIBs%3D&t=4d5b0474&ps=13740610&shp=a5d48078&shcp=81f88b70&idc=useast5","mikayla.vallati","2025-11-23"
"https://www.tiktok.com/@mayceeroatch/video/7478863773273509150","https://p16-common-sign.tiktokcdn-us.com/tos-useast8-p-0068-tx2/o8OIAYPgpEYGfEjDAPqBIeIeLIAjMAlv9UABAQ~tplv-photomode-zoomcover:720:720.jpeg?dr=9616&x-expires=1775743200&x-signature=hzGrbEHBb1JXyRB3f1G4vnl6%2BgM%3D&t=4d5b0474&ps=13740610&shp=81f88b70&shcp=43f4a2f9&idc=useast5&ftpl=1","11.7K","i almost prefer them reversed!!","","","","","","","","","","","","","https://www.tiktok.com/@mayceeroatch","https://p16-common-sign.tiktokcdn-us.com/tos-useast8-avt-0068-tx2/e8aedea20f781c10c95b74cd4e95f8fb~tplv-tiktokx-cropcenter:100:100.jpeg?dr=9640&refresh_token=a13d2fa7&x-expires=1775743200&x-signature=m4RHkMAEbBuEbN%2F%2B6TtgTyxNN6s%3D&t=4d5b0474&ps=13740610&shp=a5d48078&shcp=81f88b70&idc=useast5","mayceeroatch","2025-3-6"
"https://www.tiktok.com/@sammmmyyyy444/video/7526971634960305439","https://p16-common-sign.tiktokcdn-us.com/tos-useast8-p-0068-tx2/oAiZOA60OAuii90Ai63pBILBKn1fI1SACjMAEB~tplv-tiktokx-origin.image?dr=9636&x-expires=1775743200&x-signature=zhckBPa0xoidll7xdVSYNe072PE%3D&t=4d5b0474&ps=13740610&shp=81f88b70&shcp=43f4a2f9&idc=useast5","7876","I swore I’d never buy one but I now have zero regrets and will be buying another one","https://www.tiktok.com/@parkeofficial","@Parke","https://www.tiktok.com/tag/parkesweatshirt","#parkesweatshirt","https://www.tiktok.com/tag/parke","#parke","https://www.tiktok.com/tag/summer","#summer","https://www.tiktok.com/tag/mockneck","#mockneck","","","https://www.tiktok.com/@sammmmyyyy444","https://p16-common-sign.tiktokcdn-us.com/tos-useast8-avt-0068-tx2/3367cdf4795b44d7688ed4df1b767b67~tplv-tiktokx-cropcenter:100:100.jpeg?dr=9640&refresh_token=7addfb49&x-expires=1775743200&x-signature=IoiTvN57zYkLgnNBb71FiGP6TyQ%3D&t=4d5b0474&ps=13740610&shp=a5d48078&shcp=81f88b70&idc=useast5","sammmmyyyy444","2025-7-14"
"https://www.tiktok.com/@cinceyagarland/video/7537733981920349454","https://p16-common-sign.tiktokcdn-us.com/tos-useast5-p-0068-tx/oIERfk4QxA3HGjDgAQLKN0kGLeeNwqsIHIC82Q~tplv-tiktokx-origin.image?dr=9636&x-expires=1775743200&x-signature=8j7Nws0OfB4yDMrjw9afPtxG16A%3D&t=4d5b0474&ps=13740610&shp=81f88b70&shcp=43f4a2f9&idc=useast5","5353","No bc I’m in LOVE!! I put this one in my LTK 🤗🩵🫶🏼🫧✨","https://www.tiktok.com/@parkeofficial","@Parke","https://www.tiktok.com/tag/parke","#parke","https://www.tiktok.com/tag/chelseaparke","#chelseaparke","https://www.tiktok.com/tag/sweatshirt","#sweatshirt","https://www.tiktok.com/tag/mockneck","#mockneck","","","https://www.tiktok.com/@cinceyagarland","https://p16-common-sign.tiktokcdn-us.com/tos-useast5-avt-0068-tx/dcb81ad492f35f59ede1d768efc573e6~tplv-tiktokx-cropcenter:100:100.jpeg?dr=9640&refresh_token=0d8ecf12&x-expires=1775743200&x-signature=YC%2Bq2DwFOFMolYXlAZi5NXzWwhQ%3D&t=4d5b0474&ps=13740610&shp=a5d48078&shcp=81f88b70&idc=useast5","cinceyagarland","2025-8-12"
"https://www.tiktok.com/@sydwynnlyfe/video/7579278036944604471","https://p16-common-sign.tiktokcdn-us.com/tos-useast5-p-0068-tx/o4VQAaiEvLr1IYAIhgB4BiUdBDS8IWQoiBmLP~tplv-tiktokx-origin.image?dr=9636&x-expires=1775743200&x-signature=NRY4rE24Ft85Zm7%2B21xO50%2FMyz8%3D&t=4d5b0474&ps=13740610&shp=81f88b70&shcp=43f4a2f9&idc=useast5","9021","obsessed is an understatement","https://www.tiktok.com/tag/parke","#parke","https://www.tiktok.com/tag/fyp","#fyp","https://www.tiktok.com/tag/pink","#pink","https://www.tiktok.com/tag/parkemockneck","#parkemockneck","","","","","https://www.tiktok.com/@sydwynnlyfe","https://p16-common-sign.tiktokcdn-us.com/tos-useast5-avt-0068-tx/2d178575cc7d142c82a9c76002bd8170~tplv-tiktokx-cropcenter:100:100.jpeg?dr=9640&refresh_token=c1b16eb6&x-expires=1775743200&x-signature=BEhHnI8NzKrawJBg8bNbdd5yA9k%3D&t=4d5b0474&ps=13740610&shp=a5d48078&shcp=81f88b70&idc=useast5","sydwynnlyfe","2025-12-2"
"https://www.tiktok.com/@kateedenman/video/7624983520217189645","https://p16-common-sign.tiktokcdn-us.com/tos-useast5-p-0068-tx/oErCqFFyIIEPCP5Y04aiBRBUkJingHdKOzYAi~tplv-tiktokx-origin.image?dr=9636&x-expires=1775743200&x-signature=5wkUYWDkeSGm7Bdo7bw8pGMQ11A%3D&t=4d5b0474&ps=13740610&shp=81f88b70&shcp=43f4a2f9&idc=useast5","79","she’s PERFECT!!","https://www.tiktok.com/@parkeofficial","@Parke","https://www.tiktok.com/@chelseaparkee","@chelsea parke","https://www.tiktok.com/tag/parke","#parke","https://www.tiktok.com/tag/parkebridal","#parkebridal","https://www.tiktok.com/tag/unboxingvideo","#unboxingvideo","https://www.tiktok.com/tag/mockneck","#mockneck","https://www.tiktok.com/@kateedenman","https://p16-common-sign.tiktokcdn-us.com/tos-useast5-avt-0068-tx/43ff56b0e78faf81ead8428c8b80799e~tplv-tiktokx-cropcenter:100:100.jpeg?dr=9640&refresh_token=a9ae4608&x-expires=1775743200&x-signature=W3gRANrrO8HXdQwAjx%2BDOdL4%2Bqc%3D&t=4d5b0474&ps=13740610&shp=a5d48078&shcp=81f88b70&idc=useast5","kateedenman","2d ago"
"https://www.tiktok.com/@samaraleilani/video/7572682821886692639","https://p16-common-sign.tiktokcdn-us.com/tos-useast8-p-0068-tx2/oAp0OXlAAAA0AI83AEiIikKB5foqHv8iiCBAXI~tplv-tiktokx-dmt-logom:tos-useast8-i-0068-tx2/oIAAD0k8ADSCeyK0IGKBiHHpviIzEAiXAAAiPB.image?dr=9634&x-expires=1775743200&x-signature=vJ2dLL30xkJ4wAh5jklvG1843Zc%3D&t=4d5b0474&ps=13740610&shp=81f88b70&shcp=43f4a2f9&idc=useast5","849","I finally got my Parke mock neck so I wanted to give a review on the S/M size & show additional measurements for anyone who doesn't know what size to get!! I am SO happy with my purchase☺️☺️🩷","https://www.tiktok.com/@parkeofficial","@Parke","https://www.tiktok.com/@chelseaparkee","@chelsea parke","https://www.tiktok.com/tag/parke","#parke","https://www.tiktok.com/tag/mockneck","#mockneck","https://www.tiktok.com/tag/chelseaparke","#chelseaparke","","","https://www.tiktok.com/@samaraleilani","https://p16-common-sign.tiktokcdn-us.com/tos-useast8-avt-0068-tx2/fc4419e979a8eb809a4ad40742af02c4~tplv-tiktokx-cropcenter:100:100.jpeg?dr=9640&refresh_token=e0307ed6&x-expires=1775743200&x-signature=3waLuXiCqWKELI9jahe2EcDUhqg%3D&t=4d5b0474&ps=13740610&shp=a5d48078&shcp=81f88b70&idc=useast5","samaraleilani","2025-11-14"
"https://www.tiktok.com/@sellingparke/video/7624779413674052877","https://p16-common-sign.tiktokcdn-us.com/tos-useast5-p-0068-tx/oQqQjUq9TIkpImHeqCoF237EIQDEmvAheAfhKX~tplv-tiktokx-origin.image?dr=9636&x-expires=1775743200&x-signature=n0NGYaEf%2BW5XIgOWoCf9XGSFCkY%3D&t=4d5b0474&ps=13740610&shp=81f88b70&shcp=43f4a2f9&idc=useast5","311","Hey guyssss I’m selling my brand new Parke birthday mockneck!! It’s never been worn and please send me offers!","https://www.tiktok.com/tag/parke","#parke","https://www.tiktok.com/tag/fyp","#fyp","https://www.tiktok.com/tag/viral","#viral","https://www.tiktok.com/tag/mockneck","#mockneck","https://www.tiktok.com/tag/selling","#selling","","","https://www.tiktok.com/@sellingparke","https://p16-common-sign.tiktokcdn-us.com/tos-useast8-avt-0068-tx2/bd425a802c8d738de24b3f0b05256fd8~tplv-tiktokx-cropcenter:100:100.jpeg?dr=9640&refresh_token=704e934a&x-expires=1775743200&x-signature=0GgeC1iCuLU%2Fco0%2FOswHNHufMjo%3D&t=4d5b0474&ps=13740610&shp=a5d48078&shcp=81f88b70&idc=useast5","sellingparke","3d ago"
"https://www.tiktok.com/@gabriella.grace.07/video/7587887390908222734","https://p16-common-sign.tiktokcdn-us.com/tos-useast5-p-0068-tx/oUtpBf1RCiYpI3l2KC0wiAxNIQIsACQRFBz4wk~tplv-tiktokx-origin.image?dr=9636&x-expires=1775743200&x-signature=VXVBsVZRVBRiaZwfCoNBINQ1UdA%3D&t=4d5b0474&ps=13740610&shp=81f88b70&shcp=43f4a2f9&idc=useast5","7457","not us posing the exact same way 👯‍♀️","https://www.tiktok.com/@parkeofficial","@Parke","https://www.tiktok.com/@seri_deeter","@Seri","https://www.tiktok.com/tag/parke","#parke","https://www.tiktok.com/tag/mockneck","#mockneck","","","","","https://www.tiktok.com/@gabriella.grace.07","https://p16-common-sign.tiktokcdn-us.com/tos-useast5-avt-0068-tx/6dcbb3019bde5ab48edfe3c55297b5ce~tplv-tiktokx-cropcenter:100:100.jpeg?dr=9640&refresh_token=7a2dbe4e&x-expires=1775743200&x-signature=gHMhVTNZenPNn3GqhxMhdc7j03M%3D&t=4d5b0474&ps=13740610&shp=a5d48078&shcp=81f88b70&idc=useast5","gabriella.grace.07","2025-12-25"
"https://www.tiktok.com/@katelyngiangregorio/video/7451010830264569131","https://p16-common-sign.tiktokcdn-us.com/tos-useast5-p-0068-tx/oUeUwDwIz9F0DEhfEgsnRSnuTZRgZAtWEIOBCV~tplv-tiktokx-origin.image?dr=9636&x-expires=1775743200&x-signature=LnTZzi50%2BUTnA2zmSfawQmZiW%2BQ%3D&t=4d5b0474&ps=13740610&shp=81f88b70&shcp=43f4a2f9&idc=useast5","13.6K","pls someone its so cute and needs a home its the mockneck from the christmas drop brand new with tags","","","","","","","","","","","","","https://www.tiktok.com/@katelyngiangregorio","https://p16-common-sign.tiktokcdn-us.com/tos-useast5-avt-0068-tx/66bea6e0a99de02633990661367d0c1a~tplv-tiktokx-cropcenter:100:100.jpeg?dr=9640&refresh_token=c116cf2f&x-expires=1775743200&x-signature=TLAG3yM3GaWUW5UOGCEnfwHQ%2FAU%3D&t=4d5b0474&ps=13740610&shp=a5d48078&shcp=81f88b70&idc=useast5","katelyngiangregorio","2024-12-21"
"https://www.tiktok.com/@reecepeyton3/video/7624318639914683662","https://p16-common-sign.tiktokcdn-us.com/tos-useast5-p-0068-tx/o4TzDfn2EEySIXBdQBpgFBePEORwAzjznD4Bwv~tplv-tiktokx-origin.image?dr=9636&x-expires=1775743200&x-signature=K23fvqgG6gTHj5c%2B15P6Ybginho%3D&t=4d5b0474&ps=13740610&shp=81f88b70&shcp=43f4a2f9&idc=useast5","53.7K","ummm","https://www.tiktok.com/tag/parke","#Parke","https://www.tiktok.com/tag/drop","#Drop","https://www.tiktok.com/@parkeofficial","@Parke","","","","","","","https://www.tiktok.com/@reecepeyton3","https://p16-common-sign.tiktokcdn-us.com/tos-useast5-avt-0068-tx/2c98e8a17a9575d05bc8c7c141a3e641~tplv-tiktokx-cropcenter:100:100.jpeg?dr=9640&refresh_token=09fa7f7a&x-expires=1775743200&x-signature=Yvisqf%2FPeRm0LA%2FvLe2JMivREGI%3D&t=4d5b0474&ps=13740610&shp=a5d48078&shcp=81f88b70&idc=useast5","reecepeyton3","4d ago"
"https://www.tiktok.com/@whatnorawears/video/7525488554554756366","https://p16-common-sign.tiktokcdn-us.com/tos-useast5-p-0068-tx/ocIB0NB4zujfCAV52MkBWbRAiVpAv5bEDwviI6~tplv-tiktokx-origin.image?dr=9636&x-expires=1775743200&x-signature=nEZtZgNrxXEQ6P33O07A1WOtiqg%3D&t=4d5b0474&ps=13740610&shp=81f88b70&shcp=43f4a2f9&idc=useast5","7152","","https://www.tiktok.com/@chelseaparkee","@chelsea parke","https://www.tiktok.com/@parkeofficial","@Parke","","","","","","","","","https://www.tiktok.com/@whatnorawears","https://p19-common-sign.tiktokcdn-us.com/tos-useast5-avt-0068-tx/341d468321919d195079c3de325e0cea~tplv-tiktokx-cropcenter:100:100.jpeg?dr=9640&refresh_token=1210477a&x-expires=1775743200&x-signature=grLaF9zsAMa8lDGe%2B4zicxwEOMM%3D&t=4d5b0474&ps=13740610&shp=a5d48078&shcp=81f88b70&idc=useast5","whatnorawears","2025-7-10"
"https://www.tiktok.com/@colemickells/video/7625672487422020878","https://p16-common-sign.tiktokcdn-us.com/tos-useast5-p-0068-tx/oYQDp0AhO5n9ECin1eTDZ5AAEGScn1AIhgfFRq~tplv-tiktokx-origin.image?dr=9636&x-expires=1775743200&x-signature=qMk4e5t8VbkSIc8Kovya0StxBak%3D&t=4d5b0474&ps=13740610&shp=81f88b70&shcp=43f4a2f9&idc=useast5","197","forgot about this draft from a few days ago but forever obsessed with a","https://www.tiktok.com/@parkeofficial","@Parke","https://www.tiktok.com/@aritzia","@Aritzia","","","","","","","","","https://www.tiktok.com/@colemickells","https://p19-common-sign.tiktokcdn-us.com/tos-useast5-avt-0068-tx/1690f77bb1c2d39530577035c12c141f~tplv-tiktokx-cropcenter:100:100.jpeg?dr=9640&refresh_token=9b71d801&x-expires=1775743200&x-signature=tr%2FQ%2BepWV73WxA7P7pjxH1shoyE%3D&t=4d5b0474&ps=13740610&shp=a5d48078&shcp=81f88b70&idc=useast5","colemickells","23h ago"
"https://www.tiktok.com/@jackie.greco/video/7567144897807977759","https://p16-common-sign.tiktokcdn-us.com/tos-useast8-p-0068-tx2/oIyZfADBf5AIjFjlSCt5YAqIAEYDEvkIAAmeEo~tplv-tiktokx-origin.image?dr=9636&x-expires=1775743200&x-signature=xMXlN8aQp9s%2Bq1b%2F%2F8rHiva1kKM%3D&t=4d5b0474&ps=13740610&shp=81f88b70&shcp=43f4a2f9&idc=useast5","4834","x","https://www.tiktok.com/@parkeofficial","@Parke","https://www.tiktok.com/@anthropologieofficial","@Anthropologie","https://www.tiktok.com/tag/parke","#parke","https://www.tiktok.com/tag/parkemockneck","#parkemockneck","","","","","https://www.tiktok.com/@jackie.greco","https://p16-common-sign.tiktokcdn-us.com/tos-useast8-avt-0068-tx2/ba07115bf4452a370ed0dabfdd339b96~tplv-tiktokx-cropcenter:100:100.jpeg?dr=9640&refresh_token=50572812&x-expires=1775743200&x-signature=uQfHd1GgTqLJSS8Vi5iEqYa%2BKuQ%3D&t=4d5b0474&ps=13740610&shp=a5d48078&shcp=81f88b70&idc=useast5","jackie.greco","2025-10-30"
"https://www.tiktok.com/@hannahvanrynn/video/7612758697529429268","https://p16-common-sign.tiktokcdn-us.com/tos-alisg-p-0037/ogYYXECBPA8A7MwqAayAvE7lWAlziiayItB7Y~tplv-tiktokx-origin.image?dr=9636&x-expires=1775743200&x-signature=YlsKF6bn5fkZJefryjMm5JEVlI4%3D&t=4d5b0474&ps=13740610&shp=81f88b70&shcp=43f4a2f9&idc=useast5","146","you are the best truly 💘💘","https://www.tiktok.com/@parkeofficial","@Parke","https://www.tiktok.com/tag/parke","#parke","https://www.tiktok.com/tag/mockneck","#mockneck","https://www.tiktok.com/@chelseaparkee","@chelsea parke","https://www.tiktok.com/tag/parkemockneck","#parkemockneck","https://www.tiktok.com/tag/clothing","#clothing","https://www.tiktok.com/@hannahvanrynn","https://p16-common-sign.tiktokcdn-us.com/tos-alisg-avt-0068/c29f6094bfcf5aaedd0e2b87af724579~tplv-tiktokx-cropcenter:100:100.jpeg?dr=9640&refresh_token=6032298e&x-expires=1775743200&x-signature=VUjqO1qQgzZKEiEeEeeqggXAiHk%3D&t=4d5b0474&ps=13740610&shp=a5d48078&shcp=81f88b70&idc=useast5","hannahvanrynn","3-2"
"https://www.tiktok.com/@sienna_armitage/video/7625784682956803341","https://p16-common-sign.tiktokcdn-us.com/tos-useast5-p-0068-tx/ospeOpADfACaARDiEu5UrgIgWFRJD1nALSEED3~tplv-tiktokx-dmt-logom:tos-useast5-i-0068-tx/o8DvImiqAXKjAEeuTAIDhELxItHUkHeOEeAnGA.image?dr=9634&x-expires=1775743200&x-signature=lG%2FcOIeXR1E3Ovug0oKIg73QQvU%3D&t=4d5b0474&ps=13740610&shp=81f88b70&shcp=43f4a2f9&idc=useast5","90","PARKE SNEAK PEEKS🩵🩷🤍💙 Core shop…Summerland…Coastal…eeekkkk we have so much goodness coming from","https://www.tiktok.com/@parkeofficial","@Parke","https://www.tiktok.com/@chelseaparkee","@chelsea parke","","","","","","","","","https://www.tiktok.com/@sienna_armitage","https://p16-common-sign.tiktokcdn-us.com/tos-useast5-avt-0068-tx/86d2edcd3b03727dcb7efe27249b910a~tplv-tiktokx-cropcenter:100:100.jpeg?dr=9640&refresh_token=ffca1453&x-expires=1775743200&x-signature=FIYjYmSTCo0mBnQpDWqAb6BM3Sc%3D&t=4d5b0474&ps=13740610&shp=a5d48078&shcp=81f88b70&idc=useast5","sienna_armitage","15h ago"
"https://www.tiktok.com/@hannah.nuss96/video/7612434135470116127","https://p16-common-sign.tiktokcdn-us.com/tos-useast8-p-0068-tx2/owTdQJvIAGI3JAJsEmlCeLS8NIqf5QfWjZSbGC~tplv-tiktokx-origin.image?dr=9636&x-expires=1775743200&x-signature=E%2FqVckMBxrXS6nvhly8aYb2TSVc%3D&t=4d5b0474&ps=13740610&shp=81f88b70&shcp=43f4a2f9&idc=useast5","397","Parke FOTM drop!! Were you able to score the sprinkle mockneck?","https://www.tiktok.com/@parkeofficial","@Parke","https://www.tiktok.com/@chelseaparkee","@chelsea parke","https://www.tiktok.com/tag/parke","#parke","https://www.tiktok.com/tag/parkemockneck","#parkemockneck","https://www.tiktok.com/tag/mockneck","#mockneck","https://www.tiktok.com/tag/trending","#trending","https://www.tiktok.com/@hannah.nuss96","https://p16-common-sign.tiktokcdn-us.com/tos-useast8-avt-0068-tx2/28a5746fa117cef2a7aa0f1f6db8352f~tplv-tiktokx-cropcenter:100:100.jpeg?dr=9640&refresh_token=c2182e6e&x-expires=1775743200&x-signature=w%2B7%2BKuZomdyZ2Qw%2BPtRLr%2BIm4Ww%3D&t=4d5b0474&ps=13740610&shp=a5d48078&shcp=81f88b70&idc=useast5","hannah.nuss96","3-1"
"https://www.tiktok.com/@hannahhaley43/video/7576798662471257375","https://p16-common-sign.tiktokcdn-us.com/tos-useast8-p-0068-tx2/oUYsBV5RIiRm0AxcDUyilANIEEaMAP9BPLZS1~tplv-tiktokx-origin.image?dr=9636&x-expires=1775743200&x-signature=I%2FyhZQKmV8SNLMHHEsimf5%2BdRAE%3D&t=4d5b0474&ps=13740610&shp=81f88b70&shcp=43f4a2f9&idc=useast5","9505","I fear this is the only thing I’ll be wearing until further notice","","","","","","","","","","","","","https://www.tiktok.com/@hannahhaley43","https://p19-common-sign.tiktokcdn-us.com/tos-useast8-avt-0068-tx2/6cbb451e67e925b03321e9eee0840537~tplv-tiktokx-cropcenter:100:100.jpeg?dr=9640&refresh_token=e17945c0&x-expires=1775743200&x-signature=da2PF9VlGlTniqoadtMg9b3O1yk%3D&t=4d5b0474&ps=13740610&shp=a5d48078&shcp=81f88b70&idc=useast5","hannahhaley43","2025-11-25"
"https://www.tiktok.com/@libby_lau/video/7615460286937468173","https://p16-common-sign.tiktokcdn-us.com/tos-useast5-p-0068-tx/oIwA1ieq0BAgjH65ABB6C2T1iAMEJIPIOCz2vw~tplv-photomode-zoomcover:720:720.jpeg?dr=9616&x-expires=1775743200&x-signature=6c7PHdnY3Q4lcrhkSKbbUcR8ObA%3D&t=4d5b0474&ps=13740610&shp=81f88b70&shcp=43f4a2f9&idc=useast5&ftpl=1","172","why I chose the L/XL parke mockneck!","https://www.tiktok.com/@parkeofficial","@Parke","https://www.tiktok.com/tag/parke","#parke","https://www.tiktok.com/tag/parkesizing","#parkesizing","https://www.tiktok.com/tag/parkemockneck","#parkemockneck","https://www.tiktok.com/tag/mockneck","#mockneck","https://www.tiktok.com/tag/sweatshirt","#sweatshirt","https://www.tiktok.com/@libby_lau","https://p16-common-sign.tiktokcdn-us.com/tos-useast5-avt-0068-tx/955f0b68cb5f64a6fccc20b504b33c48~tplv-tiktokx-cropcenter:100:100.jpeg?dr=9640&refresh_token=0d990552&x-expires=1775743200&x-signature=Yj01kDRSvunP1ZD78qeanuyukfQ%3D&t=4d5b0474&ps=13740610&shp=a5d48078&shcp=81f88b70&idc=useast5","libby_lau","3-9"
"https://www.tiktok.com/@mackenzie.fullam/video/7453243015931530542","https://p16-common-sign.tiktokcdn-us.com/tos-useast5-p-0068-tx/ocN48EBBPAPgtA1mAZ5ADEgkXAv9ii2zIFBQ1~tplv-tiktokx-origin.image?dr=9636&x-expires=1775743200&x-signature=nCo5DNvDoi9nc0q3VjUwVx0zdT8%3D&t=4d5b0474&ps=13740610&shp=81f88b70&shcp=43f4a2f9&idc=useast5","201","Might never be taking this sweatshirt off 🙃🤍","https://www.tiktok.com/@parkeofficial","@Parke","https://www.tiktok.com/@chelseaparkee","@chelsea parke","","","","","","","","","https://www.tiktok.com/@mackenzie.fullam","https://p16-common-sign.tiktokcdn-us.com/tos-useast5-avt-0068-tx/a375bf86b92737c6cf023d0f5a5c1409~tplv-tiktokx-cropcenter:100:100.jpeg?dr=9640&refresh_token=f88c7d30&x-expires=1775743200&x-signature=9nHNW1r45OGyRyhJiFq1xiRDKz0%3D&t=4d5b0474&ps=13740610&shp=a5d48078&shcp=81f88b70&idc=useast5","mackenzie.fullam","2024-12-27"
"https://www.tiktok.com/@sunshine78324592/video/7586688963092548894","https://p16-common-sign.tiktokcdn-us.com/tos-useast8-p-0068-tx2/ospuqV2qYQ6ueSeTAAtCU4G7vF4IlvQIgfAeRJ~tplv-photomode-zoomcover:720:720.jpeg?dr=9616&x-expires=1775743200&x-signature=48EVTeW8Hf9qTj7vka41VQqyOzo%3D&t=4d5b0474&ps=13740610&shp=81f88b70&shcp=43f4a2f9&idc=useast5&ftpl=1","4430","","https://www.tiktok.com/tag/parke","#parke","","","","","","","","","","","https://www.tiktok.com/@sunshine78324592","https://p16-common-sign.tiktokcdn-us.com/tos-useast5-avt-0068-tx/7347355194906607658~tplv-tiktokx-cropcenter:100:100.jpeg?dr=9640&refresh_token=e72df484&x-expires=1775743200&x-signature=M0FwyLj%2F4bUjelXyxCXkXtpYWOw%3D&t=4d5b0474&ps=13740610&shp=a5d48078&shcp=81f88b70&idc=useast5","sunshine78324592","2025-12-22"
"https://www.tiktok.com/@sophie.cornblatt/video/7528872853647740190","https://p16-common-sign.tiktokcdn-us.com/tos-useast8-p-0068-tx2/oc7bI9fDqQ0ZjHQIt3fmb9Me3CBAzE2hFEVzQA~tplv-tiktokx-origin.image?dr=9636&x-expires=1775743200&x-signature=%2FtobbDQuRh5R5bXVp354onUUq1g%3D&t=4d5b0474&ps=13740610&shp=81f88b70&shcp=43f4a2f9&idc=useast5","6994","OKAY YEAH 😻😻😻😻","https://www.tiktok.com/@chelseaparkee","@chelsea parke","https://www.tiktok.com/tag/parke","#parke","https://www.tiktok.com/tag/parkemockneck","#parkemockneck","https://www.tiktok.com/tag/parkebirthday","#parkebirthday","https://www.tiktok.com/tag/shoppinghaul","#shoppinghaul","","","https://www.tiktok.com/@sophie.cornblatt","https://p16-common-sign.tiktokcdn-us.com/tos-useast8-avt-0068-tx2/1dd3171fcbec6b8f5f9bba8516ab2f0e~tplv-tiktokx-cropcenter:100:100.jpeg?dr=9640&refresh_token=0f1ae80f&x-expires=1775743200&x-signature=RjcPSEHtY37A42zdWhqr6hCS9IY%3D&t=4d5b0474&ps=13740610&shp=a5d48078&shcp=81f88b70&idc=useast5","sophie.cornblatt","2025-7-19"
"https://www.tiktok.com/@addy_eliz/video/7530396791104212279","https://p16-common-sign.tiktokcdn-us.com/tos-useast5-p-0068-tx/oMf0B8fAHAEEAJAf4iDhkRIBAEAA8WjIrF7ICY~tplv-tiktokx-origin.image?dr=9636&x-expires=1775743200&x-signature=W1sjFBKIIx%2Bu9ISlVXgnjC7e%2FH4%3D&t=4d5b0474&ps=13740610&shp=81f88b70&shcp=43f4a2f9&idc=useast5","4452","In love to say the least","https://www.tiktok.com/@parkeofficial","@Parke","https://www.tiktok.com/tag/parke","#parke","https://www.tiktok.com/tag/parkemockneck","#parkemockneck","https://www.tiktok.com/tag/mockneck","#mockneck","https://www.tiktok.com/tag/trend","#trend","https://www.tiktok.com/tag/trendy","#trendy","https://www.tiktok.com/@addy_eliz","https://p16-common-sign.tiktokcdn-us.com/tos-useast5-avt-0068-tx/046869c4f2e15b6f22c94734f7e37306~tplv-tiktokx-cropcenter:100:100.jpeg?dr=9640&refresh_token=2c319662&x-expires=1775743200&x-signature=vLp5OoeRBf94i76E92l%2BUgXVUMM%3D&t=4d5b0474&ps=13740610&shp=a5d48078&shcp=81f88b70&idc=useast5","addy_eliz","2025-7-23"
"https://www.tiktok.com/@indigo.octopus/video/7445810168090185006","https://p16-common-sign.tiktokcdn-us.com/tos-useast5-p-0068-tx/oYRTESWeoDAO1pAiANFiDRnABEtg3CwVIlfNUE~tplv-tiktokx-origin.image?dr=9636&x-expires=1775743200&x-signature=il6NhRvtOPudlrc%2BUPMi02u0stU%3D&t=4d5b0474&ps=13740610&shp=81f88b70&shcp=43f4a2f9&idc=useast5","9039","parke mockneck sizing!                      in store only at bethesda, dm us with any questions","https://www.tiktok.com/tag/parke","#parke","https://www.tiktok.com/tag/parkemockneck","#parkemockneck","https://www.tiktok.com/tag/parkesizing","#parkesizing","","","","","","","https://www.tiktok.com/@indigo.octopus","https://p16-common-sign.tiktokcdn-us.com/tos-useast5-avt-0068-tx/7c527c7978a60a4d02dee2e99bfcd485~tplv-tiktokx-cropcenter:100:100.jpeg?dr=9640&refresh_token=21532f40&x-expires=1775743200&x-signature=FYDErP9I5GRS%2FHN6s68bXB%2FtON4%3D&t=4d5b0474&ps=13740610&shp=a5d48078&shcp=81f88b70&idc=useast5","indigo.octopus","2024-12-7"
"https://www.tiktok.com/@cathieobrienn/video/7552625424132492575","https://p16-common-sign.tiktokcdn-us.com/tos-useast8-p-0068-tx2/oURvEPBCBQBIEAVh5xnc8ioyKDONUiIaABNL4~tplv-tiktokx-origin.image?dr=9636&x-expires=1775743200&x-signature=VR7qcod6heehBJI0xqaGt7%2BsWH0%3D&t=4d5b0474&ps=13740610&shp=81f88b70&shcp=43f4a2f9&idc=useast5","249","got the S/M and loveeeee","https://www.tiktok.com/tag/parke","#parke","https://www.tiktok.com/tag/sweatshirt","#sweatshirt","https://www.tiktok.com/tag/navyblue","#navyblue","https://www.tiktok.com/tag/fallfashion","#fallfashion","https://www.tiktok.com/tag/fitcheck","#fitcheck","https://www.tiktok.com/@parkeofficial","@Parke","https://www.tiktok.com/@cathieobrienn","https://p16-common-sign.tiktokcdn-us.com/tos-useast8-avt-0068-tx2/c6cabf7dd1c27bd6971f85893448dbbb~tplv-tiktokx-cropcenter:100:100.jpeg?dr=9640&refresh_token=afc9c336&x-expires=1775743200&x-signature=A2aSArGmLhcCmqYVlFSigSWKV%2BE%3D&t=4d5b0474&ps=13740610&shp=a5d48078&shcp=81f88b70&idc=useast5","cathieobrienn","2025-9-21"
"https://www.tiktok.com/@clairatopham/video/7572371767403040055","https://p16-common-sign.tiktokcdn-us.com/tos-useast5-p-0068-tx/ooenpDQzgIDRgcAhQWwEBqHsOSFCRFlECvUufY~tplv-tiktokx-origin.image?dr=9636&x-expires=1775743200&x-signature=gWCVTZDZhdawSAbSoy6c1%2Fv7Ag0%3D&t=4d5b0474&ps=13740610&shp=81f88b70&shcp=43f4a2f9&idc=useast5","160","I fear will be living in this mock-neck","https://www.tiktok.com/@parkeofficial","@Parke","https://www.tiktok.com/tag/fyp%E3%82%B7","#fypシ","https://www.tiktok.com/tag/ootd","#ootd","https://www.tiktok.com/tag/foryoupage","#foryoupage","https://www.tiktok.com/tag/fitcheck","#fitcheck","https://www.tiktok.com/tag/haul","#haul","https://www.tiktok.com/@clairatopham","https://p16-common-sign.tiktokcdn-us.com/tos-useast5-avt-0068-tx/8b3663311a6344435659a2dc95ad9488~tplv-tiktokx-cropcenter:100:100.jpeg?dr=9640&refresh_token=1d06c6e9&x-expires=1775743200&x-signature=PflTVGNVJSfg2wDui1dqf%2BYsnQ4%3D&t=4d5b0474&ps=13740610&shp=a5d48078&shcp=81f88b70&idc=useast5","clairatopham","2025-11-13"
"https://www.tiktok.com/@allydirnberger/video/7519293114490703117","https://p16-common-sign.tiktokcdn-us.com/tos-useast5-p-0068-tx/o0DgAvsgbieyHUQQ0L89IOINzGyveeAujNCpak~tplv-tiktokx-origin.image?dr=9636&x-expires=1775743200&x-signature=QshBk%2Fibz6pdIrCjqN3lDN6AIKE%3D&t=4d5b0474&ps=13740610&shp=81f88b70&shcp=43f4a2f9&idc=useast5","986","Not a bride but obsessed with this collection","https://www.tiktok.com/@parkeofficial","@Parke","https://www.tiktok.com/tag/tatcha","#Tatcha","https://www.tiktok.com/tag/parke","#parke","https://www.tiktok.com/tag/parkemockneck","#parkemockneck","https://www.tiktok.com/tag/fyp","#fyp","https://www.tiktok.com/tag/outfitinspo","#outfitinspo","https://www.tiktok.com/@allydirnberger","https://p16-common-sign.tiktokcdn-us.com/tos-useast5-avt-0068-tx/d3ad0a8c1f0af4a73eb1aa66c7fa5c59~tplv-tiktokx-cropcenter:100:100.jpeg?dr=9640&refresh_token=09854fb8&x-expires=1775743200&x-signature=wAkqzOo5%2FS267iCA9uNYBnK0XEk%3D&t=4d5b0474&ps=13740610&shp=a5d48078&shcp=81f88b70&idc=useast5","allydirnberger","2025-6-23"
"https://www.tiktok.com/@niicolelane/video/7567489180071120183","https://p16-common-sign.tiktokcdn-us.com/tos-useast5-p-0068-tx/oYo5JiBkICByQIAbKFiEPfBAHAEw21Ajg0POEA~tplv-tiktokx-origin.image?dr=9636&x-expires=1775743200&x-signature=OsuBZpbVXJW8%2FRkKhVC%2FSdyEbno%3D&t=4d5b0474&ps=13740610&shp=81f88b70&shcp=43f4a2f9&idc=useast5","2416","Best day ever tbh","https://www.tiktok.com/@parkeofficial","@Parke","https://www.tiktok.com/tag/parke","#parke","https://www.tiktok.com/tag/parkeboston","#parkeboston","https://www.tiktok.com/tag/boston","#boston","https://www.tiktok.com/tag/bostonmerch","#bostonmerch","https://www.tiktok.com/tag/parkemockneck","#parkemockneck","https://www.tiktok.com/@niicolelane","https://p16-common-sign.tiktokcdn-us.com/tos-useast5-avt-0068-tx/01ddfb1668c22005e5fdd4cbc1ea5171~tplv-tiktokx-cropcenter:100:100.jpeg?dr=9640&refresh_token=fe6cb9a8&x-expires=1775743200&x-signature=zTpxJA01hr5lqIJJTkurb86GOis%3D&t=4d5b0474&ps=13740610&shp=a5d48078&shcp=81f88b70&idc=useast5","niicolelane","2025-10-31"
"https://www.tiktok.com/@sarahfenste/video/7546313288469024055","https://p16-common-sign.tiktokcdn-us.com/tos-useast5-p-0068-tx/o4bIAScEDeA5HYRIgFeCIwEA5DoAfIA2jAEQCk~tplv-tiktokx-origin.image?dr=9636&x-expires=1775743200&x-signature=boBohqcaverrWupbAjwh4qDfMlg%3D&t=4d5b0474&ps=13740610&shp=81f88b70&shcp=43f4a2f9&idc=useast5","2540","my new go to sweatshirt","https://www.tiktok.com/tag/parke","#parke","https://www.tiktok.com/tag/pinkaesthetic","#pinkaesthetic","https://www.tiktok.com/tag/girlythings","#girlythings","https://www.tiktok.com/tag/trend","#trend","","","","","https://www.tiktok.com/@sarahfenste","https://p16-common-sign.tiktokcdn-us.com/tos-useast8-avt-0068-tx2/273bb197150053a83a670898227abbab~tplv-tiktokx-cropcenter:100:100.jpeg?dr=9640&refresh_token=f0c99030&x-expires=1775743200&x-signature=NIypLTj1Xct30qZAc2FwnmQMbw4%3D&t=4d5b0474&ps=13740610&shp=a5d48078&shcp=81f88b70&idc=useast5","sarahfenste","2025-9-4"
"https://www.tiktok.com/@sophiaaasantiago/video/7534153732024503583","https://p16-common-sign.tiktokcdn-us.com/tos-useast8-p-0068-tx2/oUEOIAEARsujAjDoeFCofJNlCDjE4EAAVPrPCQ~tplv-tiktokx-origin.image?dr=9636&x-expires=1775743200&x-signature=Nc6O5yuhcRRTxIrrlxXtBjfwiMM%3D&t=4d5b0474&ps=13740610&shp=81f88b70&shcp=43f4a2f9&idc=useast5","471","Actually living in this","https://www.tiktok.com/@parkeofficial","@Parke","https://www.tiktok.com/tag/parke","#parke","https://www.tiktok.com/tag/parkemockneck","#parkemockneck","","","","","","","https://www.tiktok.com/@sophiaaasantiago","https://p16-common-sign.tiktokcdn-us.com/tos-useast8-avt-0068-tx2/5561830c57f86ada841027c8a9fa2eb0~tplv-tiktokx-cropcenter:100:100.jpeg?dr=9640&refresh_token=b64fc43c&x-expires=1775743200&x-signature=ElxNZTE3vVAQlKneGGYXbc%2F0oqU%3D&t=4d5b0474&ps=13740610&shp=a5d48078&shcp=81f88b70&idc=useast5","sophiaaasantiago","2025-8-2"
"https://www.tiktok.com/@lindseyhyams/video/7468507967831264555","https://p16-common-sign.tiktokcdn-us.com/tos-useast5-p-0068-tx/o0AIfADpSe9DHFRJnrn6dESEgQxKBGxQjm4XEc~tplv-tiktokx-origin.image?dr=9636&x-expires=1775743200&x-signature=5bzM8ksrWsw0hso8YAmJlE8ShMI%3D&t=4d5b0474&ps=13740610&shp=81f88b70&shcp=43f4a2f9&idc=useast5","5123","Selling my parke mock necks!! The NYC + one from the summer collection! Nyc is a L/XL and the grey is a S/M !!","https://www.tiktok.com/tag/parke","#parke","https://www.tiktok.com/tag/parkemockneck","#parkemockneck","https://www.tiktok.com/tag/chelseaparke","#chelseaparke","","","","","","","https://www.tiktok.com/@lindseyhyams","https://p16-common-sign.tiktokcdn-us.com/tos-useast5-avt-0068-tx/49771517a51ac87be7ea16f56053f8a3~tplv-tiktokx-cropcenter:100:100.jpeg?dr=9640&refresh_token=cc372990&x-expires=1775743200&x-signature=T3NqulNRPONID0W3VDuN%2Fpc80jI%3D&t=4d5b0474&ps=13740610&shp=a5d48078&shcp=81f88b70&idc=useast5","lindseyhyams","2025-2-6"
"https://www.tiktok.com/@juliaaabianchi/video/7303270889238383914","https://p16-common-sign.tiktokcdn-us.com/tos-useast5-p-0068-tx/224c98700d54426f849716c99bf0e342_1700425278~tplv-tiktokx-dmt-logom:tos-useast5-i-0068-tx/oItDFCVfmElANB4aEAAjEfY7SbWdlIAbtDIRgs.image?dr=9634&x-expires=1775743200&x-signature=2LGCfimrvKpsOqOOjwQ5RWHtyhc%3D&t=4d5b0474&ps=13740610&shp=81f88b70&shcp=43f4a2f9&idc=useast5","415","im clearly very passionate about this sweatshirt!!!! not taking it off","https://www.tiktok.com/@parkeofficial","@PARKE","https://www.tiktok.com/@chelseaparkee","@chelsea parke","https://www.tiktok.com/tag/parkesweatshirt","#parkesweatshirt","https://www.tiktok.com/tag/parkemockneck","#parkemockneck","https://www.tiktok.com/tag/parkeoffical","#parkeoffical","","","https://www.tiktok.com/@juliaaabianchi","https://p16-common-sign.tiktokcdn-us.com/tos-useast8-avt-0068-tx2/5b1f2c47f26ca343685b591142895087~tplv-tiktokx-cropcenter:100:100.jpeg?dr=9640&refresh_token=59856b47&x-expires=1775743200&x-signature=CTFX1Z%2F7kOcUIlrk0%2Fr5MT53s7w%3D&t=4d5b0474&ps=13740610&shp=a5d48078&shcp=81f88b70&idc=useast5","juliaaabianchi","2023-11-19"
"https://www.tiktok.com/@rileyjcomden/video/7581463035307396365","https://p16-common-sign.tiktokcdn-us.com/tos-useast5-p-0068-tx/ooIRJbIAkeALeIYiBqjpLbepAlGOHEAQmAVSXt~tplv-tiktokx-origin.image?dr=9636&x-expires=1775743200&x-signature=blE6DYdjz%2FEanj5TwPbKh3HU9wA%3D&t=4d5b0474&ps=13740610&shp=81f88b70&shcp=43f4a2f9&idc=useast5","620","Guys fr what do I do???? This was my favorite one out of my ELEVEN","https://www.tiktok.com/@parkeofficial","@Parke","","","","","","","","","","","https://www.tiktok.com/@rileyjcomden","https://p16-common-sign.tiktokcdn-us.com/tos-useast5-avt-0068-tx/a970bb86e6c169fdfbc3471bc6f85321~tplv-tiktokx-cropcenter:100:100.jpeg?dr=9640&refresh_token=bc30cc89&x-expires=1775743200&x-signature=irK%2B2r7nr73p3I7KYDpdj9d3ZPk%3D&t=4d5b0474&ps=13740610&shp=a5d48078&shcp=81f88b70&idc=useast5","rileyjcomden","2025-12-8"
"https://www.tiktok.com/@keelyneoakes/video/7545316337799793933","https://p16-common-sign.tiktokcdn-us.com/tos-useast5-p-0068-tx/oslsLOAbeAQKiEVfGGjRfsCasIHkLISpEL5Q0l~tplv-tiktokx-origin.image?dr=9636&x-expires=1775743200&x-signature=74ndc6AhbOEnDs6CaUPy%2BA8jcJI%3D&t=4d5b0474&ps=13740610&shp=81f88b70&shcp=43f4a2f9&idc=useast5","92","I actually haven’t taken it off since I got it 3 weeks ago!!! So comfy and cute and worth it!!💝💝","","","","","","","","","","","","","https://www.tiktok.com/@keelyneoakes","https://p19-common-sign.tiktokcdn-us.com/tos-useast5-avt-0068-tx/16561be409776b05cedbb363871f68d1~tplv-tiktokx-cropcenter:100:100.jpeg?dr=9640&refresh_token=2158679d&x-expires=1775743200&x-signature=gDqATmVFV9JSbLe%2FU3G07hBSgec%3D&t=4d5b0474&ps=13740610&shp=a5d48078&shcp=81f88b70&idc=useast5","keelyneoakes","2025-9-1"
"https://www.tiktok.com/@phishhfood/video/7606555096817667342","https://p16-common-sign.tiktokcdn-us.com/tos-useast5-p-0068-tx/oQHXAMMQgAW9HWv8IAoftkTy0Ij1HALMQgfEAe~tplv-tiktokx-origin.image?dr=9636&x-expires=1775743200&x-signature=FLzA%2FYt3bzkYe0k%2Fp7lI3RHD4BI%3D&t=4d5b0474&ps=13740610&shp=81f88b70&shcp=43f4a2f9&idc=useast5","80","I get the hype ! I love them !!!!!!!!","https://www.tiktok.com/tag/parke","#parke","https://www.tiktok.com/tag/mockneck","#mockneck","https://www.tiktok.com/tag/fyp","#fyp","","","","","","","https://www.tiktok.com/@phishhfood","https://p16-common-sign.tiktokcdn-us.com/tos-useast5-avt-0068-tx/87e8d70dcc840613522fcce5f28c1762~tplv-tiktokx-cropcenter:100:100.jpeg?dr=9640&refresh_token=7df3754d&x-expires=1775743200&x-signature=99oddIorkI%2BOdYK0QY6DIKIx%2BC8%3D&t=4d5b0474&ps=13740610&shp=a5d48078&shcp=81f88b70&idc=useast5","phishhfood","2-13"
"https://www.tiktok.com/@tiiffanyhumphreys/video/7534926238662675725","https://p16-common-sign.tiktokcdn-us.com/tos-useast5-p-0068-tx/oUO0DUB7UR4NgJ2mCIPB69sunJVbIAqiEiaF9~tplv-tiktokx-origin.image?dr=9636&x-expires=1775743200&x-signature=%2B2a7FTYQEftmikQLyBJERj1j2TI%3D&t=4d5b0474&ps=13740610&shp=81f88b70&shcp=43f4a2f9&idc=useast5","225","if u have one do you like love it so much?","https://www.tiktok.com/tag/fyp","#fyp","https://www.tiktok.com/tag/fashionfind","#fashionfind","https://www.tiktok.com/tag/parke","#parke","https://www.tiktok.com/tag/parkemockneck","#parkemockneck","https://www.tiktok.com/tag/findoftheday","#findoftheday","https://www.tiktok.com/tag/uniqueclothes","#uniqueclothes","https://www.tiktok.com/@tiiffanyhumphreys","https://p16-common-sign.tiktokcdn-us.com/tos-useast5-avt-0068-tx/9837603a3b0aa250b09a205dee44ec14~tplv-tiktokx-cropcenter:100:100.jpeg?dr=9640&refresh_token=4445e4c8&x-expires=1775743200&x-signature=i7I2rKvPzSPfEc071P9uyuoWe30%3D&t=4d5b0474&ps=13740610&shp=a5d48078&shcp=81f88b70&idc=useast5","tiiffanyhumphreys","2025-8-4"
"https://www.tiktok.com/@spendingproblems_/video/7464314891889806638","https://p16-common-sign.tiktokcdn-us.com/tos-useast5-p-0068-tx/oI4vOBdgW5lFjS6Z3ZIUPAikavgEEHhz1iBJB~tplv-photomode-zoomcover:720:720.jpeg?dr=9616&x-expires=1775743200&x-signature=tzVYA2GWxzQIc%2FHL5i%2Bh%2BDH17Og%3D&t=4d5b0474&ps=13740610&shp=81f88b70&shcp=43f4a2f9&idc=useast5&ftpl=1","27.9K","where to get the cutest mock neck sweatshirts!! love all of these so much 💌","https://www.tiktok.com/tag/mockneck","#mockneck","https://www.tiktok.com/tag/loungewear","#loungewear","https://www.tiktok.com/tag/parke","#parke","https://www.tiktok.com/tag/freepeople","#freepeople","https://www.tiktok.com/tag/trendyfashion","#trendyfashion","https://www.tiktok.com/tag/outfitinspo","#outfitinspo","https://www.tiktok.com/@spendingproblems_","https://p16-common-sign.tiktokcdn-us.com/tos-useast8-avt-0068-tx2/0789ed5d784d58b9e8ca5d6b38c56481~tplv-tiktokx-cropcenter:100:100.jpeg?dr=9640&refresh_token=21b1c294&x-expires=1775743200&x-signature=1%2Bn6mhrc1u0VCQwjEs65HSHPTOg%3D&t=4d5b0474&ps=13740610&shp=a5d48078&shcp=81f88b70&idc=useast5","spendingproblems_","2025-1-26"
"https://www.tiktok.com/@chloeguzz/video/7625655736617520415","https://p19-common-sign.tiktokcdn-us.com/tos-useast8-p-0068-tx2/ogaEYf8TfAWRDnmID4oEAqBVxE0FIogQpaU4LH~tplv-tiktokx-origin.image?dr=9636&x-expires=1775743200&x-signature=NaXTCf0fHe2g1BVO7nkzcR%2FG9dk%3D&t=4d5b0474&ps=13740610&shp=81f88b70&shcp=43f4a2f9&idc=useast5","187","Just a girl and her","https://www.tiktok.com/@setactive","@setactive","https://www.tiktok.com/@parkeofficial","@Parke","https://www.tiktok.com/@emijayinc","@Emi Jay","https://www.tiktok.com/@longchamp","@Longchamp","","","","","https://www.tiktok.com/@chloeguzz","https://p16-common-sign.tiktokcdn-us.com/tos-useast8-avt-0068-tx2/9de1c845645a679caf1faad91531f819~tplv-tiktokx-cropcenter:100:100.jpeg?dr=9640&refresh_token=70ab9917&x-expires=1775743200&x-signature=spWF1lFlapEdCfOcrt3YoRqwi9o%3D&t=4d5b0474&ps=13740610&shp=a5d48078&shcp=81f88b70&idc=useast5","chloeguzz","1d ago"
"https://www.tiktok.com/@sarah.lauraine/video/7508958262629354782","https://p16-common-sign.tiktokcdn-us.com/tos-useast8-p-0068-tx2/o0V8EDWNA37RAEZdoAIA8XFhEwE1VSfLCfA0DA~tplv-tiktokx-origin.image?dr=9636&x-expires=1775743200&x-signature=YR70v%2BZ63URfd6FTsgBXlOnJHnA%3D&t=4d5b0474&ps=13740610&shp=81f88b70&shcp=43f4a2f9&idc=useast5","201","I’ve been debating this mockneck for so long I might just do it 😭😭 I wish it was all natural fibers but the mock neck is 80% cotton !","","","","","","","","","","","","","https://www.tiktok.com/@sarah.lauraine","https://p19-common-sign.tiktokcdn-us.com/tos-useast8-avt-0068-tx2/54d779d9c3d9454a9549a28b9b2b402f~tplv-tiktokx-cropcenter:100:100.jpeg?dr=9640&refresh_token=2deaccd7&x-expires=1775743200&x-signature=7BcBBX6n%2Fmx5dhPBhHfTVX%2Ft9HE%3D&t=4d5b0474&ps=13740610&shp=a5d48078&shcp=81f88b70&idc=useast5","sarah.lauraine","2025-5-26"
"https://www.tiktok.com/@tik.tok.sarah_/video/7520045045781744927","https://p16-common-sign.tiktokcdn-us.com/tos-useast8-p-0068-tx2/o0NE9TDaFSxrXkc1GR1OABgEtieIIVBfAoIHLE~tplv-tiktokx-origin.image?dr=9636&x-expires=1775743200&x-signature=B7t%2BiyOmQ420q%2BMfJWjiQVu44GI%3D&t=4d5b0474&ps=13740610&shp=81f88b70&shcp=43f4a2f9&idc=useast5","141","Mock sweatshirts are trending this summer. We have a deep love in our hearts for PARKE sweatshirts! But This GAP sweatahirt is going viral so of course we had to get one and compare. What do you think of our review? Which one would you get?","https://www.tiktok.com/tag/parke","#parke","https://www.tiktok.com/@parkeofficial","@Parke","https://www.tiktok.com/@chelseaparkee","@chelsea parke","https://www.tiktok.com/tag/gap","#gap","https://www.tiktok.com/@paige.littlewood","@PAIGE LITTLEWOOD","https://www.tiktok.com/@lucyloys_22","@Lucy","https://www.tiktok.com/@tik.tok.sarah_","https://p16-common-sign.tiktokcdn-us.com/tos-useast8-avt-0068-tx2/7c9c61befc08a73ce69b08eb26297dc5~tplv-tiktokx-cropcenter:100:100.jpeg?dr=9640&refresh_token=7cb5469e&x-expires=1775743200&x-signature=buP1u9c2Dbg0McnIFUvWOJpAhOo%3D&t=4d5b0474&ps=13740610&shp=a5d48078&shcp=81f88b70&idc=useast5","tik.tok.sarah_","2025-6-25"
"https://www.tiktok.com/@indigo.octopus/video/7442760020363676958","https://p16-common-sign.tiktokcdn-us.com/tos-useast8-p-0068-tx2/os8de4GERVMJNnPQlfWxDQXcQYTmgAFUffCUcA~tplv-tiktokx-origin.image?dr=9636&x-expires=1775743200&x-signature=w0EmYr6vb34xK7hiOsZNUda6iLg%3D&t=4d5b0474&ps=13740610&shp=81f88b70&shcp=43f4a2f9&idc=useast5","99","New Parke mocknecks just arrived!! Snag one now. Black Friday Sale is in store + online: 30% off entire store!","","","","","","","","","","","","","https://www.tiktok.com/@indigo.octopus","https://p16-common-sign.tiktokcdn-us.com/tos-useast5-avt-0068-tx/7c527c7978a60a4d02dee2e99bfcd485~tplv-tiktokx-cropcenter:100:100.jpeg?dr=9640&refresh_token=21532f40&x-expires=1775743200&x-signature=FYDErP9I5GRS%2FHN6s68bXB%2FtON4%3D&t=4d5b0474&ps=13740610&shp=a5d48078&shcp=81f88b70&idc=useast5","indigo.octopus","2024-11-29"
"https://www.tiktok.com/@chelseaparkee/video/7575587079283870989","https://p16-common-sign.tiktokcdn-us.com/tos-useast5-p-0068-tx/oAsoSaHIvHaSiAYiqBB8jg4YODUqhg5HEU3bI~tplv-tiktokx-origin.image?dr=9636&x-expires=1775743200&x-signature=VxVmFohaEvPr4CGcpTdkedP7iaU%3D&t=4d5b0474&ps=13740610&shp=81f88b70&shcp=43f4a2f9&idc=useast5","30.9K","fav mockneck yet","https://www.tiktok.com/tag/parke","#parke","","","","","","","","","","","https://www.tiktok.com/@chelseaparkee","https://p19-common-sign.tiktokcdn-us.com/tos-useast5-avt-0068-tx/6d0b0a0cc759c3b7ba168120c6f683ef~tplv-tiktokx-cropcenter:100:100.jpeg?dr=9640&refresh_token=855bbb54&x-expires=1775743200&x-signature=6hbi9xvavsD8kBfAeIParTj3ycE%3D&t=4d5b0474&ps=13740610&shp=a5d48078&shcp=81f88b70&idc=useast5","chelseaparkee","2025-11-22"
"https://www.tiktok.com/@spencer.barbosa/video/7582368960272698644","https://p16-common-sign.tiktokcdn-us.com/tos-alisg-p-0037/ooCnfLAz8AgfLejMHMNJNNLweQMgXi9VW9Zgaf~tplv-photomode-zoomcover:720:720.jpeg?dr=9616&x-expires=1775743200&x-signature=SRNvy7tSiQuga5pJfKwU5A8XMXE%3D&t=4d5b0474&ps=13740610&shp=81f88b70&shcp=43f4a2f9&idc=useast5&ftpl=1","284.2K","YES even he has fallen victim to","https://www.tiktok.com/@parkeofficial","@Parke","https://www.tiktok.com/tag/girls","#girls","https://www.tiktok.com/tag/parke","#parke","https://www.tiktok.com/tag/mockneck","#mockneck","https://www.tiktok.com/tag/trend","#trend","","","https://www.tiktok.com/@spencer.barbosa","https://p16-common-sign.tiktokcdn-us.com/tos-alisg-avt-0068/2537f291c44c12bfceb8c48ddc5929b0~tplv-tiktokx-cropcenter:100:100.jpeg?dr=9640&refresh_token=aebcbd8a&x-expires=1775743200&x-signature=iE5hYA%2BqkfO9JQY234UodBSsl24%3D&t=4d5b0474&ps=13740610&shp=a5d48078&shcp=81f88b70&idc=useast5","spencer.barbosa","2025-12-10"
"https://www.tiktok.com/@kamryn.doty/video/7622867397732470030","https://p16-common-sign.tiktokcdn-us.com/tos-useast5-p-0068-tx/oEbPQ60kAZfjAgFlTagfMBXAIYHJk783CZIwMf~tplv-tiktokx-origin.image?dr=9636&x-expires=1775743200&x-signature=GUw5jR1ON7xoQsHHPpVhfhF%2FJV4%3D&t=4d5b0474&ps=13740610&shp=81f88b70&shcp=43f4a2f9&idc=useast5","2936","MY FAVORITE SWEATSHIRT IS 100% COTTON 🤸🏽‍♀️ take my money","https://www.tiktok.com/@parkeofficial","@Parke","https://www.tiktok.com/tag/parke","#parke","https://www.tiktok.com/tag/mockneck","#mockneck","https://www.tiktok.com/tag/cotton","#cotton","https://www.tiktok.com/tag/nontoxic","#nontoxic","https://www.tiktok.com/tag/crunchy","#crunchy","https://www.tiktok.com/@kamryn.doty","https://p16-common-sign.tiktokcdn-us.com/tos-useast5-avt-0068-tx/f3568277ae08dcfa207426608229fd05~tplv-tiktokx-cropcenter:100:100.jpeg?dr=9640&refresh_token=b2a5994f&x-expires=1775743200&x-signature=M3kumW%2B9obiK4FxjX5K6wyCpneQ%3D&t=4d5b0474&ps=13740610&shp=a5d48078&shcp=81f88b70&idc=useast5","kamryn.doty","3-29"
"https://www.tiktok.com/@beccers_gordonn/video/7521155644846574903","https://p16-common-sign.tiktokcdn-us.com/tos-useast5-p-0068-tx/oY1iAUIG8IB5Dp4gDIG0SHdFvvPqC2aB1gaEi~tplv-tiktokx-origin.image?dr=9636&x-expires=1775743200&x-signature=ofep0QMwqNBm027yyTXvAnfTs2s%3D&t=4d5b0474&ps=13740610&shp=81f88b70&shcp=43f4a2f9&idc=useast5","7506","Parke coastal drop did not disappoint. Do I keep both Parke mockneck sweatshirts!?","https://www.tiktok.com/tag/parke","#parke","https://www.tiktok.com/tag/parkemockneck","#parkemockneck","https://www.tiktok.com/tag/parkecoastaldrop","#parkecoastaldrop","https://www.tiktok.com/tag/Summer","#Summer","https://www.tiktok.com/tag/4thofjulyoutfit","#4thofjulyoutfit","","","https://www.tiktok.com/@beccers_gordonn","https://p16-common-sign.tiktokcdn-us.com/tos-useast5-avt-0068-tx/d356b4d6eaacbde146ccee435d529503~tplv-tiktokx-cropcenter:100:100.jpeg?dr=9640&refresh_token=3fa30546&x-expires=1775743200&x-signature=HXaG9qgZR4FmmWISL1kKkNU9ccw%3D&t=4d5b0474&ps=13740610&shp=a5d48078&shcp=81f88b70&idc=useast5","beccers_gordonn","2025-6-28"
"https://www.tiktok.com/@anna.park11/video/7536659160474193165","https://p16-common-sign.tiktokcdn-us.com/tos-useast5-p-0068-tx/o8WICwy5iiAxhSCwIIqBpwSDeclDX40XDBiPA8~tplv-tiktokx-origin.image?dr=9636&x-expires=1775743200&x-signature=Jc%2BI%2FynRt6B2KOAdalZqYegWh5o%3D&t=4d5b0474&ps=13740610&shp=81f88b70&shcp=43f4a2f9&idc=useast5","355","This will be wore 24/7","https://www.tiktok.com/tag/parke","#parke","https://www.tiktok.com/tag/somethingblue","#somethingblue","https://www.tiktok.com/tag/notcomingoff","#notcomingoff","https://www.tiktok.com/tag/trending","#trending","https://www.tiktok.com/tag/foryou","#foryou","https://www.tiktok.com/tag/foryoupage","#foryoupage","https://www.tiktok.com/@anna.park11","https://p16-common-sign.tiktokcdn-us.com/tos-useast8-avt-0068-tx2/2ccd5c6392ec45a1841caf755a2fa76d~tplv-tiktokx-cropcenter:100:100.jpeg?dr=9640&refresh_token=d2066b17&x-expires=1775743200&x-signature=yyQaEjSsnLNE6oAkFLS5K693nOY%3D&t=4d5b0474&ps=13740610&shp=a5d48078&shcp=81f88b70&idc=useast5","anna.park11","2025-8-9"
"https://www.tiktok.com/@alexislpeterson/video/7529610214371249422","https://p16-common-sign.tiktokcdn-us.com/tos-useast5-p-0068-tx/ogDfII5QMfHlRJjXAQ8LAyAADXNyAhORif4G6e~tplv-tiktokx-origin.image?dr=9636&x-expires=1775743200&x-signature=0Ha8CoSMhEPKdFs6J8y5kFXMX5s%3D&t=4d5b0474&ps=13740610&shp=81f88b70&shcp=43f4a2f9&idc=useast5","21K","hey","https://www.tiktok.com/@parkeofficial","@Parke","https://www.tiktok.com/@chelseaparkee","@chelsea parke","https://www.tiktok.com/tag/parke","#parke","https://www.tiktok.com/tag/parkemockneck","#parkemockneck","https://www.tiktok.com/tag/chelseaparke","#chelseaparke","https://www.tiktok.com/tag/parkegirl","#parkegirl","https://www.tiktok.com/@alexislpeterson","https://p16-common-sign.tiktokcdn-us.com/tos-useast5-avt-0068-tx/270dee30a16590d37fd09c2b3ab25e4e~tplv-tiktokx-cropcenter:100:100.jpeg?dr=9640&refresh_token=11034476&x-expires=1775743200&x-signature=5Fg5hF8kRtEgOcBCJSMUYFD6kdc%3D&t=4d5b0474&ps=13740610&shp=a5d48078&shcp=81f88b70&idc=useast5","alexislpeterson","2025-7-21"
"https://www.tiktok.com/@mikayla.vallati/video/7558511214838549790","https://p16-common-sign.tiktokcdn-us.com/tos-useast8-p-0068-tx2/ooXQVQclAAi9El6kRFf9ToDBhb5EkEE7fBwYEK~tplv-tiktokx-origin.image?dr=9636&x-expires=1775743200&x-signature=BCJgD0GNkd0BI7uGhUQvkGp3A48%3D&t=4d5b0474&ps=13740610&shp=81f88b70&shcp=43f4a2f9&idc=useast5","8049","ur kidding… $22! are these not identical? (minus the logo ofc) all under the “prime big deal days favs” list on my sf. wearing a medium ☁️","https://www.tiktok.com/tag/amazonfashion","#amazonfashion","https://www.tiktok.com/tag/amazonfinds","#amazonfinds","https://www.tiktok.com/tag/lookforless","#lookforless","https://www.tiktok.com/tag/parke","#parke","https://www.tiktok.com/tag/mockneck","#mockneck","","","https://www.tiktok.com/@mikayla.vallati","https://p16-common-sign.tiktokcdn-us.com/tos-useast8-avt-0068-tx2/e7bc043f42b7fc4040268bd410bf5bd7~tplv-tiktokx-cropcenter:100:100.jpeg?dr=9640&refresh_token=d9b34e15&x-expires=1775743200&x-signature=eFXiMRKyTb8UXPe7gmURu4CgIBs%3D&t=4d5b0474&ps=13740610&shp=a5d48078&shcp=81f88b70&idc=useast5","mikayla.vallati","2025-10-7"
"https://www.tiktok.com/@kate.rudd/video/7541035667447385374","https://p16-common-sign.tiktokcdn-us.com/tos-useast8-p-0068-tx2/oAVQkQSNAAbfHjYdjLeckRGCy4THQIIoBkfPFO~tplv-tiktokx-origin.image?dr=9636&x-expires=1775743200&x-signature=%2F2nAu0h7H5rRbrQpp4lkVZa4gbg%3D&t=4d5b0474&ps=13740610&shp=81f88b70&shcp=43f4a2f9&idc=useast5","8729","sad day.","","","","","","","","","","","","","https://www.tiktok.com/@kate.rudd","https://p16-common-sign.tiktokcdn-us.com/tos-useast5-avt-0068-tx/fce9f5b40234eb589ba2f8fe4b68e456~tplv-tiktokx-cropcenter:100:100.jpeg?dr=9640&refresh_token=cd069a31&x-expires=1775743200&x-signature=yVNV8bOkuiE0tAGDwXVB6ql04gU%3D&t=4d5b0474&ps=13740610&shp=a5d48078&shcp=81f88b70&idc=useast5","kate.rudd","2025-8-21"
"https://www.tiktok.com/@darcymcqueenyyy/video/7515527777932610847","https://p16-common-sign.tiktokcdn-us.com/tos-useast8-p-0068-tx2/o4STDf2GEERVQYCgCIoAFByZQ6RIAUZW6EfgQp~tplv-tiktokx-origin.image?dr=9636&x-expires=1775743200&x-signature=QLVCaRyCDKqSegjhcEzoybMnCs0%3D&t=4d5b0474&ps=13740610&shp=81f88b70&shcp=43f4a2f9&idc=useast5","78.9K","in tears HAHAHA “chelsea you just know me so well!”😭","https://www.tiktok.com/@parkeofficial","@Parke","https://www.tiktok.com/@chelseaparkee","@chelsea parke","https://www.tiktok.com/tag/boyfriend","#boyfriend","https://www.tiktok.com/tag/parke","#parke","https://www.tiktok.com/tag/fyp","#fyp","https://www.tiktok.com/tag/unboxing","#unboxing","https://www.tiktok.com/@darcymcqueenyyy","https://p16-common-sign.tiktokcdn-us.com/tos-useast8-avt-0068-tx2/cc3d49f6437a815095c5a80ebac3bca1~tplv-tiktokx-cropcenter:100:100.jpeg?dr=9640&refresh_token=6c1ffe20&x-expires=1775743200&x-signature=usxFEkmtklCr30ufBOWkHpDQnCI%3D&t=4d5b0474&ps=13740610&shp=a5d48078&shcp=81f88b70&idc=useast5","darcymcqueenyyy","2025-6-13"
"https://www.tiktok.com/@ems_memdiary/video/7545181889481542926","data:image/gif;base64,R0lGODlhAQABAIAAAAAAAP///yH5BAEAAAAALAAAAAABAAEAAAIBRAA7","1061","propaganda i fell for :) love the mockneck","https://www.tiktok.com/@parkeofficial","@Parke","https://www.tiktok.com/tag/parke","#parke","https://www.tiktok.com/tag/parkesweatshirt","#parkesweatshirt","https://www.tiktok.com/tag/ootd","#ootd","https://www.tiktok.com/tag/shoppinghaul","#shoppinghaul","https://www.tiktok.com/tag/parkemockneck","#parkemockneck","https://www.tiktok.com/@ems_memdiary","https://p16-common-sign.tiktokcdn-us.com/tos-useast8-avt-0068-tx2/c88e3f87770af9368977e6ada1102264~tplv-tiktokx-cropcenter:100:100.jpeg?dr=9640&refresh_token=f3151ee9&x-expires=1775743200&x-signature=NImrJkCf%2Bvrbt%2FTxrEYJ%2FaIYDUI%3D&t=4d5b0474&ps=13740610&shp=a5d48078&shcp=81f88b70&idc=useast5","ems_memdiary","2025-9-1"
"https://www.tiktok.com/@eve.laurenn/video/7620913999428783381","data:image/gif;base64,R0lGODlhAQABAIAAAAAAAP///yH5BAEAAAAALAAAAAABAAEAAAIBRAA7","105","","https://www.tiktok.com/@chelseaparkee","@chelsea parke","https://www.tiktok.com/@parkeofficial","@Parke","https://www.tiktok.com/@poshmark","@Poshmark","https://www.tiktok.com/tag/parke","#parke","https://www.tiktok.com/tag/parkemockneck","#parkemockneck","https://www.tiktok.com/tag/haul","#haul","https://www.tiktok.com/@eve.laurenn","https://p16-common-sign.tiktokcdn-us.com/tos-alisg-avt-0068/17264186b69df1428abb4a2b1f6405d0~tplv-tiktokx-cropcenter:100:100.jpeg?dr=9640&refresh_token=86d5fa42&x-expires=1775743200&x-signature=GpC%2FdBFKozbBCXeTeGcRkgK3rM8%3D&t=4d5b0474&ps=13740610&shp=a5d48078&shcp=81f88b70&idc=useast5","eve.laurenn","3-24"
"https://www.tiktok.com/@laurenseijo/video/7434165470472867118","data:image/gif;base64,R0lGODlhAQABAIAAAAAAAP///yH5BAEAAAAALAAAAAABAAEAAAIBRAA7","294","If you’re wondering if the","https://www.tiktok.com/@parkeofficial","@PARKE","https://www.tiktok.com/tag/parkemockneck","#parkemockneck","https://www.tiktok.com/tag/parkeoffical","#parkeoffical","","","","","","","https://www.tiktok.com/@laurenseijo","https://p16-common-sign.tiktokcdn-us.com/tos-useast8-avt-0068-tx2/60e391bf86c3af42669d9a01649a6ea3~tplv-tiktokx-cropcenter:100:100.jpeg?dr=9640&refresh_token=a7c94af0&x-expires=1775743200&x-signature=3tlqlFo8v1F6wROY6TYx%2Fah%2Bi8c%3D&t=4d5b0474&ps=13740610&shp=a5d48078&shcp=81f88b70&idc=useast5","laurenseijo","2024-11-6"
"https://www.tiktok.com/@jessiejade91/video/7446622714267290923","data:image/gif;base64,R0lGODlhAQABAIAAAAAAAP///yH5BAEAAAAALAAAAAABAAEAAAIBRAA7","77","This was delivered exactly 5 mins ago","https://www.tiktok.com/@chelseaparkee","@chelsea parke","https://www.tiktok.com/tag/parke","#parke","https://www.tiktok.com/tag/parkemockneck","#parkemockneck","","","","","","","https://www.tiktok.com/@jessiejade91","https://p16-common-sign.tiktokcdn-us.com/tos-useast5-avt-0068-tx/fa2c27fb4b6b0e28f10e4b19a05b8a0c~tplv-tiktokx-cropcenter:100:100.jpeg?dr=9640&refresh_token=8a4758c8&x-expires=1775743200&x-signature=899eyZajKiD%2BFl9C1HNnd7xaXh8%3D&t=4d5b0474&ps=13740610&shp=a5d48078&shcp=81f88b70&idc=useast5","jessiejade91","2024-12-9"
"https://www.tiktok.com/@samanthascore/video/7601622986533227807","data:image/gif;base64,R0lGODlhAQABAIAAAAAAAP///yH5BAEAAAAALAAAAAABAAEAAAIBRAA7","660","the slippers !!!! new","https://www.tiktok.com/@parkeofficial","@Parke","https://www.tiktok.com/@brunch.us","@Brunch.","https://www.tiktok.com/tag/parke","#parke","","","","","","","https://www.tiktok.com/@samanthascore","https://p16-common-sign.tiktokcdn-us.com/tos-useast5-avt-0068-tx/7312704436231471146~tplv-tiktokx-cropcenter:100:100.jpeg?dr=9640&refresh_token=2ebb7c6d&x-expires=1775743200&x-signature=gda%2FNkNC8IeqZgt%2FXlGpnICMpP0%3D&t=4d5b0474&ps=13740610&shp=a5d48078&shcp=81f88b70&idc=useast5","samanthascore","1-31"
"https://www.tiktok.com/@stephyschiller/video/7418617335713680686","data:image/gif;base64,R0lGODlhAQABAIAAAAAAAP///yH5BAEAAAAALAAAAAABAAEAAAIBRAA7","599","a need not a want","https://www.tiktok.com/tag/parke","#parke","https://www.tiktok.com/tag/parkesweatshirt","#parkesweatshirt","https://www.tiktok.com/tag/parkemockneck","#parkemockneck","https://www.tiktok.com/tag/parkeclothing","#parkeclothing","https://www.tiktok.com/@chelseaparkee","@chelsea parke","https://www.tiktok.com/@parkeofficial","@PARKE","https://www.tiktok.com/@stephyschiller","https://p16-common-sign.tiktokcdn-us.com/tos-useast5-avt-0068-tx/0a0d870d0e595f451a99c6ecdfa60a1f~tplv-tiktokx-cropcenter:100:100.jpeg?dr=9640&refresh_token=e46530ef&x-expires=1775743200&x-signature=z48%2BsfOpP130AP7I1Sl8CBXnxZI%3D&t=4d5b0474&ps=13740610&shp=a5d48078&shcp=81f88b70&idc=useast5","stephyschiller","2024-9-25"
"https://www.tiktok.com/@alysanna_y/video/7413028332033396011","data:image/gif;base64,R0lGODlhAQABAIAAAAAAAP///yH5BAEAAAAALAAAAAABAAEAAAIBRAA7","123","work —> dinner ootd!!! featuring my cute new","https://www.tiktok.com/@parkeofficial","@PARKE","","","","","","","","","","","https://www.tiktok.com/@alysanna_y","https://p16-common-sign.tiktokcdn-us.com/tos-maliva-avt-0068/93e7ed9ce2a7526d448ca4c85cc156ed~tplv-tiktokx-cropcenter:100:100.jpeg?dr=9640&refresh_token=a0b3a021&x-expires=1775743200&x-signature=hmt2kxCHOjilE%2FEDKL9A4ThJbds%3D&t=4d5b0474&ps=13740610&shp=a5d48078&shcp=81f88b70&idc=useast5","alysanna_y","2024-9-10"
"https://www.tiktok.com/@annajanexxo/video/7529758407037947167","data:image/gif;base64,R0lGODlhAQABAIAAAAAAAP///yH5BAEAAAAALAAAAAABAAEAAAIBRAA7","2616","the men want mocknecks 👏🏼","https://www.tiktok.com/@parkeofficial","@Parke","https://www.tiktok.com/tag/parke","#parke","","","","","","","","","https://www.tiktok.com/@annajanexxo","https://p16-common-sign.tiktokcdn-us.com/tos-useast8-avt-0068-tx2/868cab84eb8acd0d1903b5f59fbd72fb~tplv-tiktokx-cropcenter:100:100.jpeg?dr=9640&refresh_token=17f7cbcf&x-expires=1775743200&x-signature=N%2Bg0HQUczcBDANEaR6rddY7m0Sw%3D&t=4d5b0474&ps=13740610&shp=a5d48078&shcp=81f88b70&idc=useast5","annajanexxo","2025-7-21"
"https://www.tiktok.com/@brookeanders0n/video/7572595816511049015","data:image/gif;base64,R0lGODlhAQABAIAAAAAAAP///yH5BAEAAAAALAAAAAABAAEAAAIBRAA7","16.6K","Like I refuse to buy it because I don’t want the huge last name but it’s so cute and need one without words or even a cute lil design","","","","","","","","","","","","","https://www.tiktok.com/@brookeanders0n","https://p16-common-sign.tiktokcdn-us.com/tos-useast5-avt-0068-tx/3f2720e7f8f67ee1a6af8ac70a012d4f~tplv-tiktokx-cropcenter:100:100.jpeg?dr=9640&refresh_token=71af79d3&x-expires=1775743200&x-signature=hDhyzs6%2BwhtRmUG9XvbcJw%2BuTB8%3D&t=4d5b0474&ps=13740610&shp=a5d48078&shcp=81f88b70&idc=useast5","brookeanders0n","2025-11-14"
"https://www.tiktok.com/@sarakatewiggins/video/7547089681322708279","data:image/gif;base64,R0lGODlhAQABAIAAAAAAAP///yH5BAEAAAAALAAAAAABAAEAAAIBRAA7","7100","","https://www.tiktok.com/@parkeofficial","@Parke","https://www.tiktok.com/@chelseaparkee","@chelsea parke","https://www.tiktok.com/@stoneyclover","@Stoney Clover Lane","https://www.tiktok.com/tag/parke","#parke","https://www.tiktok.com/tag/parkemockneck","#parkemockneck","","","https://www.tiktok.com/@sarakatewiggins","https://p16-common-sign.tiktokcdn-us.com/tos-useast5-avt-0068-tx/283973ce85e7869d179b88567aa432fa~tplv-tiktokx-cropcenter:100:100.jpeg?dr=9640&refresh_token=ea7c7c21&x-expires=1775743200&x-signature=vQp0yRvOoEokooB3R7EiDoy2hfY%3D&t=4d5b0474&ps=13740610&shp=a5d48078&shcp=81f88b70&idc=useast5","sarakatewiggins","2025-9-6"
"https://www.tiktok.com/@moira_secret20/video/7576399038317120799","data:image/gif;base64,R0lGODlhAQABAIAAAAAAAP///yH5BAEAAAAALAAAAAABAAEAAAIBRAA7","938","HELP!!!","https://www.tiktok.com/@parkeofficial","@Parke","https://www.tiktok.com/@chelseaparkee","@chelsea parke","","","","","","","","","https://www.tiktok.com/@moira_secret20","https://p16-common-sign.tiktokcdn-us.com/tos-useast8-avt-0068-tx2/be462a40e11b7dd7aaf10f519289cfe0~tplv-tiktokx-cropcenter:100:100.jpeg?dr=9640&refresh_token=5c212fee&x-expires=1775743200&x-signature=wsTdAjetkPfAB4hry7oNFccB%2FPE%3D&t=4d5b0474&ps=13740610&shp=a5d48078&shcp=81f88b70&idc=useast5","moira_secret20","2025-11-24"
"https://www.tiktok.com/@sustainablefashionfriend/video/7618301081243667734","data:image/gif;base64,R0lGODlhAQABAIAAAAAAAP///yH5BAEAAAAALAAAAAABAAEAAAIBRAA7","2907","The factory behind Parke’s Mocknecks and many of their “cozy” collection. These are also the items that probably sell the most from Parke (and many which can’t be returned 😅)","","","","","","","","","","","","","https://www.tiktok.com/@sustainablefashionfriend","https://p16-common-sign.tiktokcdn-us.com/tos-maliva-avt-0068/681c008f171c6dcdeb378e6f01a1c118~tplv-tiktokx-cropcenter:100:100.jpeg?dr=9640&refresh_token=31ece2b9&x-expires=1775743200&x-signature=atfMmXEVqxYwWw66WmxI4bxvKVM%3D&t=4d5b0474&ps=13740610&shp=a5d48078&shcp=81f88b70&idc=useast5","sustainablefashionfriend","3-17"